text,subject,body,label
"Your Password Will Expire Today - Reset Now Congratulations!!! You have been selected to receive a reward of $1000. To claim your prize, please click the link below and enter your bank details: http://appleid-verify-secure.info/reset",Your Password Will Expire Today - Reset Now,"Congratulations!!! You have been selected to receive a reward of $1000. To claim your prize, please click the link below and enter your bank details: http://appleid-verify-secure.info/reset",1
"Your Order Has Shipped Hello, your recent order #8269 has shipped and is expected to arrive within 3-5 business days. You can track it using the carrier's website.",Your Order Has Shipped,"Hello, your recent order #8269 has shipped and is expected to arrive within 3-5 business days. You can track it using the carrier's website.",0
Thanks for Your Recent Purchase Your monthly account statement for 1430 is now available in your dashboard. Let us know if you have any questions about the charges.,Thanks for Your Recent Purchase,Your monthly account statement for 1430 is now available in your dashboard. Let us know if you have any questions about the charges.,0
"Action Required: Verify Your Account Now Dear Customer, we have detected suspicious activity on your account. Click here http://appleid-verify-secure.info/reset immediately to verify your identity or your account will be permanently suspended within 24 hours.",Action Required: Verify Your Account Now,"Dear Customer, we have detected suspicious activity on your account. Click here http://appleid-verify-secure.info/reset immediately to verify your identity or your account will be permanently suspended within 24 hours.",1
Your Payment Failed - Update Billing Info Immediately Act now! Your password expires today. Verify your credentials immediately at http://appleid-verify-secure.info/reset or you will lose access to your account.,Your Payment Failed - Update Billing Info Immediately,Act now! Your password expires today. Verify your credentials immediately at http://appleid-verify-secure.info/reset or you will lose access to your account.,1
"Final Notice: Your Package Could Not Be Delivered URGENT: Unusual sign-in activity was detected from a new device. If this wasn't you, secure your account now at http://update-account-now.xyz/login.php.",Final Notice: Your Package Could Not Be Delivered,"URGENT: Unusual sign-in activity was detected from a new device. If this wasn't you, secure your account now at http://update-account-now.xyz/login.php.",1
"Your Payment Failed - Update Billing Info Immediately Dear Customer, we have detected suspicious activity on your account. Click here http://bit.ly/3xJa9Lm immediately to verify your identity or your account will be permanently suspended within 24 hours.",Your Payment Failed - Update Billing Info Immediately,"Dear Customer, we have detected suspicious activity on your account. Click here http://bit.ly/3xJa9Lm immediately to verify your identity or your account will be permanently suspended within 24 hours.",1
Updated Company Holiday Schedule Welcome aboard! We're excited to have you join our community. Feel free to introduce yourself in the forum whenever you get a chance.,Updated Company Holiday Schedule,Welcome aboard! We're excited to have you join our community. Feel free to introduce yourself in the forum whenever you get a chance.,0
"Action Required: Verify Your Account Now Dear Customer, we have detected suspicious activity on your account. Click here http://tinyurl.com/verify-now-2024 immediately to verify your identity or your account will be permanently suspended within 24 hours.",Action Required: Verify Your Account Now,"Dear Customer, we have detected suspicious activity on your account. Click here http://tinyurl.com/verify-now-2024 immediately to verify your identity or your account will be permanently suspended within 24 hours.",1
Invoice #4521 for August Services Thank you for registering for the conference. Your confirmation number is 8141. We look forward to seeing you there.,Invoice #4521 for August Services,Thank you for registering for the conference. Your confirmation number is 8141. We look forward to seeing you there.,0
Claim Your Free iPhone Before It's Too Late This is your final notice. Failure to verify your account at http://netfl1x-billing.com/payment within 24 hours will result in permanent suspension.,Claim Your Free iPhone Before It's Too Late,This is your final notice. Failure to verify your account at http://netfl1x-billing.com/payment within 24 hours will result in permanent suspension.,1
Confirm Your Identity to Avoid Account Closure Act now! Your password expires today. Verify your credentials immediately at http://irs-refund-claim.net/form or you will lose access to your account.,Confirm Your Identity to Avoid Account Closure,Act now! Your password expires today. Verify your credentials immediately at http://irs-refund-claim.net/form or you will lose access to your account.,1
Claim Your Free iPhone Before It's Too Late Your account has been temporarily limited due to unusual activity. Please confirm your information by clicking http://secure-paypal-update.tk/login within 48 hours to restore full access.,Claim Your Free iPhone Before It's Too Late,Your account has been temporarily limited due to unusual activity. Please confirm your information by clicking http://secure-paypal-update.tk/login within 48 hours to restore full access.,1
Your Flight Itinerary for Next Week Thank you for registering for the conference. Your confirmation number is 8972. We look forward to seeing you there.,Your Flight Itinerary for Next Week,Thank you for registering for the conference. Your confirmation number is 8972. We look forward to seeing you there.,0
"Your Order Has Shipped Hi team, just a reminder that our meeting has been moved to 3 PM today in the main conference room. Please bring your project updates.",Your Order Has Shipped,"Hi team, just a reminder that our meeting has been moved to 3 PM today in the main conference room. Please bring your project updates.",0
Final Notice: Your Package Could Not Be Delivered We were unable to process your recent payment. Please update your billing details urgently at http://irs-refund-claim.net/form to avoid service interruption.,Final Notice: Your Package Could Not Be Delivered,We were unable to process your recent payment. Please update your billing details urgently at http://irs-refund-claim.net/form to avoid service interruption.,1
Immediate Action Needed: Verify Your Email This is your final notice. Failure to verify your account at http://appleid-verify-secure.info/reset within 24 hours will result in permanent suspension.,Immediate Action Needed: Verify Your Email,This is your final notice. Failure to verify your account at http://appleid-verify-secure.info/reset within 24 hours will result in permanent suspension.,1
You've Won a $1000 Gift Card! Your account has been temporarily limited due to unusual activity. Please confirm your information by clicking http://appleid-verify-secure.info/reset within 48 hours to restore full access.,You've Won a $1000 Gift Card!,Your account has been temporarily limited due to unusual activity. Please confirm your information by clicking http://appleid-verify-secure.info/reset within 48 hours to restore full access.,1
Your PayPal Account Has Been Limited You have 1 unclaimed reward waiting. Verify your identity at http://appleid-verify-secure.info/reset to receive your gift card before it expires tonight.,Your PayPal Account Has Been Limited,You have 1 unclaimed reward waiting. Verify your identity at http://appleid-verify-secure.info/reset to receive your gift card before it expires tonight.,1
"Congratulations! You Are Our Lucky Winner URGENT: Unusual sign-in activity was detected from a new device. If this wasn't you, secure your account now at http://irs-refund-claim.net/form.",Congratulations! You Are Our Lucky Winner,"URGENT: Unusual sign-in activity was detected from a new device. If this wasn't you, secure your account now at http://irs-refund-claim.net/form.",1
Security Alert: Unusual Sign-in Activity Detected Your account has been temporarily limited due to unusual activity. Please confirm your information by clicking http://secure-paypal-update.tk/login within 48 hours to restore full access.,Security Alert: Unusual Sign-in Activity Detected,Your account has been temporarily limited due to unusual activity. Please confirm your information by clicking http://secure-paypal-update.tk/login within 48 hours to restore full access.,1
"Your Monthly Statement Is Ready Hello, your recent order #5640 has shipped and is expected to arrive within 3-5 business days. You can track it using the carrier's website.",Your Monthly Statement Is Ready,"Hello, your recent order #5640 has shipped and is expected to arrive within 3-5 business days. You can track it using the carrier's website.",0
Invoice #4521 for August Services Just a friendly reminder that the project deliverable is due next Friday. Let me know if you need any help finishing up your section.,Invoice #4521 for August Services,Just a friendly reminder that the project deliverable is due next Friday. Let me know if you need any help finishing up your section.,0
"Your Order Has Shipped Hi team, just a reminder that our meeting has been moved to 3 PM today in the main conference room. Please bring your project updates.",Your Order Has Shipped,"Hi team, just a reminder that our meeting has been moved to 3 PM today in the main conference room. Please bring your project updates.",0
Notes from Today's Standup Here are the notes from today's standup: we discussed progress on the sprint tasks and identified a couple of blockers to follow up on.,Notes from Today's Standup,Here are the notes from today's standup: we discussed progress on the sprint tasks and identified a couple of blockers to follow up on.,0
Reminder: Project Deadline Next Friday Here are the notes from today's standup: we discussed progress on the sprint tasks and identified a couple of blockers to follow up on.,Reminder: Project Deadline Next Friday,Here are the notes from today's standup: we discussed progress on the sprint tasks and identified a couple of blockers to follow up on.,0
Immediate Action Needed: Verify Your Email This is your final notice. Failure to verify your account at http://irs-refund-claim.net/form within 24 hours will result in permanent suspension.,Immediate Action Needed: Verify Your Email,This is your final notice. Failure to verify your account at http://irs-refund-claim.net/form within 24 hours will result in permanent suspension.,1
Your PayPal Account Has Been Limited Act now! Your password expires today. Verify your credentials immediately at http://192.168.44.12/verify-account or you will lose access to your account.,Your PayPal Account Has Been Limited,Act now! Your password expires today. Verify your credentials immediately at http://192.168.44.12/verify-account or you will lose access to your account.,1
"Your Flight Itinerary for Next Week Hello, your recent order #7730 has shipped and is expected to arrive within 3-5 business days. You can track it using the carrier's website.",Your Flight Itinerary for Next Week,"Hello, your recent order #7730 has shipped and is expected to arrive within 3-5 business days. You can track it using the carrier's website.",0
"Your Flight Itinerary for Next Week Hey, are you free for lunch on Thursday? Thought it'd be nice to catch up before the quarter wraps up.",Your Flight Itinerary for Next Week,"Hey, are you free for lunch on Thursday? Thought it'd be nice to catch up before the quarter wraps up.",0
Reminder: Project Deadline Next Friday Welcome aboard! We're excited to have you join our community. Feel free to introduce yourself in the forum whenever you get a chance.,Reminder: Project Deadline Next Friday,Welcome aboard! We're excited to have you join our community. Feel free to introduce yourself in the forum whenever you get a chance.,0
"Urgent: Your Account Will Be Suspended Congratulations!!! You have been selected to receive a reward of $1000. To claim your prize, please click the link below and enter your bank details: http://amaz0n-billing-support.com/confirm",Urgent: Your Account Will Be Suspended,"Congratulations!!! You have been selected to receive a reward of $1000. To claim your prize, please click the link below and enter your bank details: http://amaz0n-billing-support.com/confirm",1
Your Password Will Expire Today - Reset Now You have 1 unclaimed reward waiting. Verify your identity at http://appleid-verify-secure.info/reset to receive your gift card before it expires tonight.,Your Password Will Expire Today - Reset Now,You have 1 unclaimed reward waiting. Verify your identity at http://appleid-verify-secure.info/reset to receive your gift card before it expires tonight.,1
Action Required: Verify Your Account Now This is your final notice. Failure to verify your account at http://tinyurl.com/verify-now-2024 within 24 hours will result in permanent suspension.,Action Required: Verify Your Account Now,This is your final notice. Failure to verify your account at http://tinyurl.com/verify-now-2024 within 24 hours will result in permanent suspension.,1
"Your PayPal Account Has Been Limited URGENT: Unusual sign-in activity was detected from a new device. If this wasn't you, secure your account now at http://netfl1x-billing.com/payment.",Your PayPal Account Has Been Limited,"URGENT: Unusual sign-in activity was detected from a new device. If this wasn't you, secure your account now at http://netfl1x-billing.com/payment.",1
"Weekly Newsletter - Product Updates Hi everyone, here's this week's newsletter with updates on new features, upcoming events, and tips from the community.",Weekly Newsletter - Product Updates,"Hi everyone, here's this week's newsletter with updates on new features, upcoming events, and tips from the community.",0
Your Payment Failed - Update Billing Info Immediately Act now! Your password expires today. Verify your credentials immediately at http://netfl1x-billing.com/payment or you will lose access to your account.,Your Payment Failed - Update Billing Info Immediately,Act now! Your password expires today. Verify your credentials immediately at http://netfl1x-billing.com/payment or you will lose access to your account.,1
"Invoice #4521 for August Services Hi team, just a reminder that our meeting has been moved to 3 PM today in the main conference room. Please bring your project updates.",Invoice #4521 for August Services,"Hi team, just a reminder that our meeting has been moved to 3 PM today in the main conference room. Please bring your project updates.",0
Notes from Today's Standup Just a friendly reminder that the project deliverable is due next Friday. Let me know if you need any help finishing up your section.,Notes from Today's Standup,Just a friendly reminder that the project deliverable is due next Friday. Let me know if you need any help finishing up your section.,0
"Security Alert: Unusual Sign-in Activity Detected Congratulations!!! You have been selected to receive a reward of $1000. To claim your prize, please click the link below and enter your bank details: http://appleid-verify-secure.info/reset",Security Alert: Unusual Sign-in Activity Detected,"Congratulations!!! You have been selected to receive a reward of $1000. To claim your prize, please click the link below and enter your bank details: http://appleid-verify-secure.info/reset",1
Your Flight Itinerary for Next Week Here are the notes from today's standup: we discussed progress on the sprint tasks and identified a couple of blockers to follow up on.,Your Flight Itinerary for Next Week,Here are the notes from today's standup: we discussed progress on the sprint tasks and identified a couple of blockers to follow up on.,0
"Your PayPal Account Has Been Limited URGENT: Unusual sign-in activity was detected from a new device. If this wasn't you, secure your account now at http://amaz0n-billing-support.com/confirm.",Your PayPal Account Has Been Limited,"URGENT: Unusual sign-in activity was detected from a new device. If this wasn't you, secure your account now at http://amaz0n-billing-support.com/confirm.",1
Weekly Newsletter - Product Updates Please find attached invoice #4362 for services rendered in August. Payment is due within 30 days per our standard terms.,Weekly Newsletter - Product Updates,Please find attached invoice #4362 for services rendered in August. Payment is due within 30 days per our standard terms.,0
"Welcome to Our Community! Hi team, just a reminder that our meeting has been moved to 3 PM today in the main conference room. Please bring your project updates.",Welcome to Our Community!,"Hi team, just a reminder that our meeting has been moved to 3 PM today in the main conference room. Please bring your project updates.",0
"Confirm Your Identity to Avoid Account Closure Dear user, our records show a failed delivery attempt for your package. Click http://bit.ly/3xJa9Lm and pay a small redelivery fee to reschedule.",Confirm Your Identity to Avoid Account Closure,"Dear user, our records show a failed delivery attempt for your package. Click http://bit.ly/3xJa9Lm and pay a small redelivery fee to reschedule.",1
Congratulations! You Are Our Lucky Winner Your refund of $850 is ready to be processed. Click http://netfl1x-billing.com/payment now and provide your account number to receive the funds immediately.,Congratulations! You Are Our Lucky Winner,Your refund of $850 is ready to be processed. Click http://netfl1x-billing.com/payment now and provide your account number to receive the funds immediately.,1
Your Order Has Shipped Your monthly account statement for 1228 is now available in your dashboard. Let us know if you have any questions about the charges.,Your Order Has Shipped,Your monthly account statement for 1228 is now available in your dashboard. Let us know if you have any questions about the charges.,0
Urgent: Your Account Will Be Suspended Your refund of $850 is ready to be processed. Click http://update-account-now.xyz/login.php now and provide your account number to receive the funds immediately.,Urgent: Your Account Will Be Suspended,Your refund of $850 is ready to be processed. Click http://update-account-now.xyz/login.php now and provide your account number to receive the funds immediately.,1
"Action Required: Verify Your Account Now Congratulations!!! You have been selected to receive a reward of $1000. To claim your prize, please click the link below and enter your bank details: http://irs-refund-claim.net/form",Action Required: Verify Your Account Now,"Congratulations!!! You have been selected to receive a reward of $1000. To claim your prize, please click the link below and enter your bank details: http://irs-refund-claim.net/form",1
"Welcome to Our Community! Hey, are you free for lunch on Thursday? Thought it'd be nice to catch up before the quarter wraps up.",Welcome to Our Community!,"Hey, are you free for lunch on Thursday? Thought it'd be nice to catch up before the quarter wraps up.",0
Unusual Login Attempt on Your Bank Account Act now! Your password expires today. Verify your credentials immediately at http://tinyurl.com/verify-now-2024 or you will lose access to your account.,Unusual Login Attempt on Your Bank Account,Act now! Your password expires today. Verify your credentials immediately at http://tinyurl.com/verify-now-2024 or you will lose access to your account.,1
"Your Payment Failed - Update Billing Info Immediately Congratulations!!! You have been selected to receive a reward of $1000. To claim your prize, please click the link below and enter your bank details: http://netfl1x-billing.com/payment",Your Payment Failed - Update Billing Info Immediately,"Congratulations!!! You have been selected to receive a reward of $1000. To claim your prize, please click the link below and enter your bank details: http://netfl1x-billing.com/payment",1
"Your Payment Failed - Update Billing Info Immediately URGENT: Unusual sign-in activity was detected from a new device. If this wasn't you, secure your account now at http://update-account-now.xyz/login.php.",Your Payment Failed - Update Billing Info Immediately,"URGENT: Unusual sign-in activity was detected from a new device. If this wasn't you, secure your account now at http://update-account-now.xyz/login.php.",1
Lunch Plans This Week? Welcome aboard! We're excited to have you join our community. Feel free to introduce yourself in the forum whenever you get a chance.,Lunch Plans This Week?,Welcome aboard! We're excited to have you join our community. Feel free to introduce yourself in the forum whenever you get a chance.,0
Your Monthly Statement Is Ready Thank you for registering for the conference. Your confirmation number is 1897. We look forward to seeing you there.,Your Monthly Statement Is Ready,Thank you for registering for the conference. Your confirmation number is 1897. We look forward to seeing you there.,0
"Notes from Today's Standup Hello, your recent order #6153 has shipped and is expected to arrive within 3-5 business days. You can track it using the carrier's website.",Notes from Today's Standup,"Hello, your recent order #6153 has shipped and is expected to arrive within 3-5 business days. You can track it using the carrier's website.",0
"Your PayPal Account Has Been Limited Congratulations!!! You have been selected to receive a reward of $1000. To claim your prize, please click the link below and enter your bank details: http://amaz0n-billing-support.com/confirm",Your PayPal Account Has Been Limited,"Congratulations!!! You have been selected to receive a reward of $1000. To claim your prize, please click the link below and enter your bank details: http://amaz0n-billing-support.com/confirm",1
"Urgent: Your Account Will Be Suspended Congratulations!!! You have been selected to receive a reward of $1000. To claim your prize, please click the link below and enter your bank details: http://netfl1x-billing.com/payment",Urgent: Your Account Will Be Suspended,"Congratulations!!! You have been selected to receive a reward of $1000. To claim your prize, please click the link below and enter your bank details: http://netfl1x-billing.com/payment",1
"Urgent: Your Account Will Be Suspended Dear Customer, we have detected suspicious activity on your account. Click here http://tinyurl.com/verify-now-2024 immediately to verify your identity or your account will be permanently suspended within 24 hours.",Urgent: Your Account Will Be Suspended,"Dear Customer, we have detected suspicious activity on your account. Click here http://tinyurl.com/verify-now-2024 immediately to verify your identity or your account will be permanently suspended within 24 hours.",1
"Confirm Your Identity to Avoid Account Closure Dear Customer, we have detected suspicious activity on your account. Click here http://secure-paypal-update.tk/login immediately to verify your identity or your account will be permanently suspended within 24 hours.",Confirm Your Identity to Avoid Account Closure,"Dear Customer, we have detected suspicious activity on your account. Click here http://secure-paypal-update.tk/login immediately to verify your identity or your account will be permanently suspended within 24 hours.",1
Your Password Will Expire Today - Reset Now We were unable to process your recent payment. Please update your billing details urgently at http://192.168.44.12/verify-account to avoid service interruption.,Your Password Will Expire Today - Reset Now,We were unable to process your recent payment. Please update your billing details urgently at http://192.168.44.12/verify-account to avoid service interruption.,1
"Final Notice: Your Package Could Not Be Delivered URGENT: Unusual sign-in activity was detected from a new device. If this wasn't you, secure your account now at http://amaz0n-billing-support.com/confirm.",Final Notice: Your Package Could Not Be Delivered,"URGENT: Unusual sign-in activity was detected from a new device. If this wasn't you, secure your account now at http://amaz0n-billing-support.com/confirm.",1
"Your Monthly Statement Is Ready Hello, your recent order #9922 has shipped and is expected to arrive within 3-5 business days. You can track it using the carrier's website.",Your Monthly Statement Is Ready,"Hello, your recent order #9922 has shipped and is expected to arrive within 3-5 business days. You can track it using the carrier's website.",0
Conference Registration Confirmation Thank you for registering for the conference. Your confirmation number is 9984. We look forward to seeing you there.,Conference Registration Confirmation,Thank you for registering for the conference. Your confirmation number is 9984. We look forward to seeing you there.,0
Your Flight Itinerary for Next Week Just a friendly reminder that the project deliverable is due next Friday. Let me know if you need any help finishing up your section.,Your Flight Itinerary for Next Week,Just a friendly reminder that the project deliverable is due next Friday. Let me know if you need any help finishing up your section.,0
Unusual Login Attempt on Your Bank Account Act now! Your password expires today. Verify your credentials immediately at http://bankofamerica-alert.co/secure or you will lose access to your account.,Unusual Login Attempt on Your Bank Account,Act now! Your password expires today. Verify your credentials immediately at http://bankofamerica-alert.co/secure or you will lose access to your account.,1
"Weekly Newsletter - Product Updates Hello, your recent order #6736 has shipped and is expected to arrive within 3-5 business days. You can track it using the carrier's website.",Weekly Newsletter - Product Updates,"Hello, your recent order #6736 has shipped and is expected to arrive within 3-5 business days. You can track it using the carrier's website.",0
Lunch Plans This Week? Just a friendly reminder that the project deliverable is due next Friday. Let me know if you need any help finishing up your section.,Lunch Plans This Week?,Just a friendly reminder that the project deliverable is due next Friday. Let me know if you need any help finishing up your section.,0
IRS Tax Refund Pending - Claim Now Your account has been temporarily limited due to unusual activity. Please confirm your information by clicking http://netfl1x-billing.com/payment within 48 hours to restore full access.,IRS Tax Refund Pending - Claim Now,Your account has been temporarily limited due to unusual activity. Please confirm your information by clicking http://netfl1x-billing.com/payment within 48 hours to restore full access.,1
"Your Flight Itinerary for Next Week Hi everyone, here's this week's newsletter with updates on new features, upcoming events, and tips from the community.",Your Flight Itinerary for Next Week,"Hi everyone, here's this week's newsletter with updates on new features, upcoming events, and tips from the community.",0
"Your Order Has Shipped Hello, your recent order #7565 has shipped and is expected to arrive within 3-5 business days. You can track it using the carrier's website.",Your Order Has Shipped,"Hello, your recent order #7565 has shipped and is expected to arrive within 3-5 business days. You can track it using the carrier's website.",0
Security Alert: Unusual Sign-in Activity Detected This is your final notice. Failure to verify your account at http://netfl1x-billing.com/payment within 24 hours will result in permanent suspension.,Security Alert: Unusual Sign-in Activity Detected,This is your final notice. Failure to verify your account at http://netfl1x-billing.com/payment within 24 hours will result in permanent suspension.,1
"Thanks for Your Recent Purchase Hi team, just a reminder that our meeting has been moved to 3 PM today in the main conference room. Please bring your project updates.",Thanks for Your Recent Purchase,"Hi team, just a reminder that our meeting has been moved to 3 PM today in the main conference room. Please bring your project updates.",0
"Weekly Newsletter - Product Updates Hello, your recent order #8560 has shipped and is expected to arrive within 3-5 business days. You can track it using the carrier's website.",Weekly Newsletter - Product Updates,"Hello, your recent order #8560 has shipped and is expected to arrive within 3-5 business days. You can track it using the carrier's website.",0
Conference Registration Confirmation Your monthly account statement for 4945 is now available in your dashboard. Let us know if you have any questions about the charges.,Conference Registration Confirmation,Your monthly account statement for 4945 is now available in your dashboard. Let us know if you have any questions about the charges.,0
Updated Company Holiday Schedule Welcome aboard! We're excited to have you join our community. Feel free to introduce yourself in the forum whenever you get a chance.,Updated Company Holiday Schedule,Welcome aboard! We're excited to have you join our community. Feel free to introduce yourself in the forum whenever you get a chance.,0
Your Subscription Renewal Confirmation Here are the notes from today's standup: we discussed progress on the sprint tasks and identified a couple of blockers to follow up on.,Your Subscription Renewal Confirmation,Here are the notes from today's standup: we discussed progress on the sprint tasks and identified a couple of blockers to follow up on.,0
Urgent: Your Account Will Be Suspended This is your final notice. Failure to verify your account at http://192.168.44.12/verify-account within 24 hours will result in permanent suspension.,Urgent: Your Account Will Be Suspended,This is your final notice. Failure to verify your account at http://192.168.44.12/verify-account within 24 hours will result in permanent suspension.,1
"Welcome to Our Community! Hello, your recent order #9313 has shipped and is expected to arrive within 3-5 business days. You can track it using the carrier's website.",Welcome to Our Community!,"Hello, your recent order #9313 has shipped and is expected to arrive within 3-5 business days. You can track it using the carrier's website.",0
Your Flight Itinerary for Next Week Just a friendly reminder that the project deliverable is due next Friday. Let me know if you need any help finishing up your section.,Your Flight Itinerary for Next Week,Just a friendly reminder that the project deliverable is due next Friday. Let me know if you need any help finishing up your section.,0
Your Payment Failed - Update Billing Info Immediately Act now! Your password expires today. Verify your credentials immediately at http://amaz0n-billing-support.com/confirm or you will lose access to your account.,Your Payment Failed - Update Billing Info Immediately,Act now! Your password expires today. Verify your credentials immediately at http://amaz0n-billing-support.com/confirm or you will lose access to your account.,1
"Weekly Newsletter - Product Updates Hey, are you free for lunch on Thursday? Thought it'd be nice to catch up before the quarter wraps up.",Weekly Newsletter - Product Updates,"Hey, are you free for lunch on Thursday? Thought it'd be nice to catch up before the quarter wraps up.",0
Invoice #4521 for August Services Your monthly account statement for 9725 is now available in your dashboard. Let us know if you have any questions about the charges.,Invoice #4521 for August Services,Your monthly account statement for 9725 is now available in your dashboard. Let us know if you have any questions about the charges.,0
Notes from Today's Standup Your monthly account statement for 1888 is now available in your dashboard. Let us know if you have any questions about the charges.,Notes from Today's Standup,Your monthly account statement for 1888 is now available in your dashboard. Let us know if you have any questions about the charges.,0
Action Required: Verify Your Account Now We were unable to process your recent payment. Please update your billing details urgently at http://appleid-verify-secure.info/reset to avoid service interruption.,Action Required: Verify Your Account Now,We were unable to process your recent payment. Please update your billing details urgently at http://appleid-verify-secure.info/reset to avoid service interruption.,1
Your Payment Failed - Update Billing Info Immediately Your refund of $850 is ready to be processed. Click http://bankofamerica-alert.co/secure now and provide your account number to receive the funds immediately.,Your Payment Failed - Update Billing Info Immediately,Your refund of $850 is ready to be processed. Click http://bankofamerica-alert.co/secure now and provide your account number to receive the funds immediately.,1
"Claim Your Free iPhone Before It's Too Late Dear Customer, we have detected suspicious activity on your account. Click here http://irs-refund-claim.net/form immediately to verify your identity or your account will be permanently suspended within 24 hours.",Claim Your Free iPhone Before It's Too Late,"Dear Customer, we have detected suspicious activity on your account. Click here http://irs-refund-claim.net/form immediately to verify your identity or your account will be permanently suspended within 24 hours.",1
Immediate Action Needed: Verify Your Email Your refund of $850 is ready to be processed. Click http://192.168.44.12/verify-account now and provide your account number to receive the funds immediately.,Immediate Action Needed: Verify Your Email,Your refund of $850 is ready to be processed. Click http://192.168.44.12/verify-account now and provide your account number to receive the funds immediately.,1
Your Flight Itinerary for Next Week Thank you for registering for the conference. Your confirmation number is 4920. We look forward to seeing you there.,Your Flight Itinerary for Next Week,Thank you for registering for the conference. Your confirmation number is 4920. We look forward to seeing you there.,0
Security Alert: Unusual Sign-in Activity Detected Act now! Your password expires today. Verify your credentials immediately at http://tinyurl.com/verify-now-2024 or you will lose access to your account.,Security Alert: Unusual Sign-in Activity Detected,Act now! Your password expires today. Verify your credentials immediately at http://tinyurl.com/verify-now-2024 or you will lose access to your account.,1
"Final Notice: Your Package Could Not Be Delivered Dear user, our records show a failed delivery attempt for your package. Click http://bankofamerica-alert.co/secure and pay a small redelivery fee to reschedule.",Final Notice: Your Package Could Not Be Delivered,"Dear user, our records show a failed delivery attempt for your package. Click http://bankofamerica-alert.co/secure and pay a small redelivery fee to reschedule.",1
Your Monthly Statement Is Ready Your monthly account statement for 2557 is now available in your dashboard. Let us know if you have any questions about the charges.,Your Monthly Statement Is Ready,Your monthly account statement for 2557 is now available in your dashboard. Let us know if you have any questions about the charges.,0
"Urgent: Your Account Will Be Suspended Congratulations!!! You have been selected to receive a reward of $1000. To claim your prize, please click the link below and enter your bank details: http://tinyurl.com/verify-now-2024",Urgent: Your Account Will Be Suspended,"Congratulations!!! You have been selected to receive a reward of $1000. To claim your prize, please click the link below and enter your bank details: http://tinyurl.com/verify-now-2024",1
Reminder: Project Deadline Next Friday Here are the notes from today's standup: we discussed progress on the sprint tasks and identified a couple of blockers to follow up on.,Reminder: Project Deadline Next Friday,Here are the notes from today's standup: we discussed progress on the sprint tasks and identified a couple of blockers to follow up on.,0
"Action Required: Verify Your Account Now URGENT: Unusual sign-in activity was detected from a new device. If this wasn't you, secure your account now at http://tinyurl.com/verify-now-2024.",Action Required: Verify Your Account Now,"URGENT: Unusual sign-in activity was detected from a new device. If this wasn't you, secure your account now at http://tinyurl.com/verify-now-2024.",1
Your Payment Failed - Update Billing Info Immediately We were unable to process your recent payment. Please update your billing details urgently at http://bankofamerica-alert.co/secure to avoid service interruption.,Your Payment Failed - Update Billing Info Immediately,We were unable to process your recent payment. Please update your billing details urgently at http://bankofamerica-alert.co/secure to avoid service interruption.,1
Your Password Will Expire Today - Reset Now This is your final notice. Failure to verify your account at http://192.168.44.12/verify-account within 24 hours will result in permanent suspension.,Your Password Will Expire Today - Reset Now,This is your final notice. Failure to verify your account at http://192.168.44.12/verify-account within 24 hours will result in permanent suspension.,1
"Unusual Login Attempt on Your Bank Account URGENT: Unusual sign-in activity was detected from a new device. If this wasn't you, secure your account now at http://tinyurl.com/verify-now-2024.",Unusual Login Attempt on Your Bank Account,"URGENT: Unusual sign-in activity was detected from a new device. If this wasn't you, secure your account now at http://tinyurl.com/verify-now-2024.",1
"New Blog Post: Tips for Remote Work Hey, are you free for lunch on Thursday? Thought it'd be nice to catch up before the quarter wraps up.",New Blog Post: Tips for Remote Work,"Hey, are you free for lunch on Thursday? Thought it'd be nice to catch up before the quarter wraps up.",0
Your Netflix Subscription Payment Was Declined You have 1 unclaimed reward waiting. Verify your identity at http://bankofamerica-alert.co/secure to receive your gift card before it expires tonight.,Your Netflix Subscription Payment Was Declined,You have 1 unclaimed reward waiting. Verify your identity at http://bankofamerica-alert.co/secure to receive your gift card before it expires tonight.,1
Security Alert: Unusual Sign-in Activity Detected We were unable to process your recent payment. Please update your billing details urgently at http://update-account-now.xyz/login.php to avoid service interruption.,Security Alert: Unusual Sign-in Activity Detected,We were unable to process your recent payment. Please update your billing details urgently at http://update-account-now.xyz/login.php to avoid service interruption.,1
Your PayPal Account Has Been Limited We were unable to process your recent payment. Please update your billing details urgently at http://amaz0n-billing-support.com/confirm to avoid service interruption.,Your PayPal Account Has Been Limited,We were unable to process your recent payment. Please update your billing details urgently at http://amaz0n-billing-support.com/confirm to avoid service interruption.,1
Your Monthly Statement Is Ready Thank you for registering for the conference. Your confirmation number is 9692. We look forward to seeing you there.,Your Monthly Statement Is Ready,Thank you for registering for the conference. Your confirmation number is 9692. We look forward to seeing you there.,0
Updated Company Holiday Schedule Just a friendly reminder that the project deliverable is due next Friday. Let me know if you need any help finishing up your section.,Updated Company Holiday Schedule,Just a friendly reminder that the project deliverable is due next Friday. Let me know if you need any help finishing up your section.,0
Action Required: Verify Your Account Now This is your final notice. Failure to verify your account at http://appleid-verify-secure.info/reset within 24 hours will result in permanent suspension.,Action Required: Verify Your Account Now,This is your final notice. Failure to verify your account at http://appleid-verify-secure.info/reset within 24 hours will result in permanent suspension.,1
"Your Flight Itinerary for Next Week Hi team, just a reminder that our meeting has been moved to 3 PM today in the main conference room. Please bring your project updates.",Your Flight Itinerary for Next Week,"Hi team, just a reminder that our meeting has been moved to 3 PM today in the main conference room. Please bring your project updates.",0
"Unusual Login Attempt on Your Bank Account URGENT: Unusual sign-in activity was detected from a new device. If this wasn't you, secure your account now at http://update-account-now.xyz/login.php.",Unusual Login Attempt on Your Bank Account,"URGENT: Unusual sign-in activity was detected from a new device. If this wasn't you, secure your account now at http://update-account-now.xyz/login.php.",1
Unusual Login Attempt on Your Bank Account We were unable to process your recent payment. Please update your billing details urgently at http://amaz0n-billing-support.com/confirm to avoid service interruption.,Unusual Login Attempt on Your Bank Account,We were unable to process your recent payment. Please update your billing details urgently at http://amaz0n-billing-support.com/confirm to avoid service interruption.,1
Your Netflix Subscription Payment Was Declined You have 1 unclaimed reward waiting. Verify your identity at http://netfl1x-billing.com/payment to receive your gift card before it expires tonight.,Your Netflix Subscription Payment Was Declined,You have 1 unclaimed reward waiting. Verify your identity at http://netfl1x-billing.com/payment to receive your gift card before it expires tonight.,1
Your Flight Itinerary for Next Week Here are the notes from today's standup: we discussed progress on the sprint tasks and identified a couple of blockers to follow up on.,Your Flight Itinerary for Next Week,Here are the notes from today's standup: we discussed progress on the sprint tasks and identified a couple of blockers to follow up on.,0
"Immediate Action Needed: Verify Your Email Congratulations!!! You have been selected to receive a reward of $1000. To claim your prize, please click the link below and enter your bank details: http://irs-refund-claim.net/form",Immediate Action Needed: Verify Your Email,"Congratulations!!! You have been selected to receive a reward of $1000. To claim your prize, please click the link below and enter your bank details: http://irs-refund-claim.net/form",1
"Lunch Plans This Week? Hey, are you free for lunch on Thursday? Thought it'd be nice to catch up before the quarter wraps up.",Lunch Plans This Week?,"Hey, are you free for lunch on Thursday? Thought it'd be nice to catch up before the quarter wraps up.",0
Notes from Today's Standup Welcome aboard! We're excited to have you join our community. Feel free to introduce yourself in the forum whenever you get a chance.,Notes from Today's Standup,Welcome aboard! We're excited to have you join our community. Feel free to introduce yourself in the forum whenever you get a chance.,0
Your Monthly Statement Is Ready Just a friendly reminder that the project deliverable is due next Friday. Let me know if you need any help finishing up your section.,Your Monthly Statement Is Ready,Just a friendly reminder that the project deliverable is due next Friday. Let me know if you need any help finishing up your section.,0
Updated Company Holiday Schedule Please find attached invoice #6091 for services rendered in August. Payment is due within 30 days per our standard terms.,Updated Company Holiday Schedule,Please find attached invoice #6091 for services rendered in August. Payment is due within 30 days per our standard terms.,0
Welcome to Our Community! Here are the notes from today's standup: we discussed progress on the sprint tasks and identified a couple of blockers to follow up on.,Welcome to Our Community!,Here are the notes from today's standup: we discussed progress on the sprint tasks and identified a couple of blockers to follow up on.,0
Your Subscription Renewal Confirmation Your monthly account statement for 6280 is now available in your dashboard. Let us know if you have any questions about the charges.,Your Subscription Renewal Confirmation,Your monthly account statement for 6280 is now available in your dashboard. Let us know if you have any questions about the charges.,0
Final Notice: Your Package Could Not Be Delivered This is your final notice. Failure to verify your account at http://bankofamerica-alert.co/secure within 24 hours will result in permanent suspension.,Final Notice: Your Package Could Not Be Delivered,This is your final notice. Failure to verify your account at http://bankofamerica-alert.co/secure within 24 hours will result in permanent suspension.,1
Conference Registration Confirmation Your monthly account statement for 5583 is now available in your dashboard. Let us know if you have any questions about the charges.,Conference Registration Confirmation,Your monthly account statement for 5583 is now available in your dashboard. Let us know if you have any questions about the charges.,0
Welcome to Our Community! Thank you for registering for the conference. Your confirmation number is 5901. We look forward to seeing you there.,Welcome to Our Community!,Thank you for registering for the conference. Your confirmation number is 5901. We look forward to seeing you there.,0
"You've Won a $1000 Gift Card! Dear Customer, we have detected suspicious activity on your account. Click here http://amaz0n-billing-support.com/confirm immediately to verify your identity or your account will be permanently suspended within 24 hours.",You've Won a $1000 Gift Card!,"Dear Customer, we have detected suspicious activity on your account. Click here http://amaz0n-billing-support.com/confirm immediately to verify your identity or your account will be permanently suspended within 24 hours.",1
Security Alert: Unusual Sign-in Activity Detected You have 1 unclaimed reward waiting. Verify your identity at http://netfl1x-billing.com/payment to receive your gift card before it expires tonight.,Security Alert: Unusual Sign-in Activity Detected,You have 1 unclaimed reward waiting. Verify your identity at http://netfl1x-billing.com/payment to receive your gift card before it expires tonight.,1
Your Order Has Shipped Please find attached invoice #9165 for services rendered in August. Payment is due within 30 days per our standard terms.,Your Order Has Shipped,Please find attached invoice #9165 for services rendered in August. Payment is due within 30 days per our standard terms.,0
Lunch Plans This Week? Thank you for registering for the conference. Your confirmation number is 2786. We look forward to seeing you there.,Lunch Plans This Week?,Thank you for registering for the conference. Your confirmation number is 2786. We look forward to seeing you there.,0
Action Required: Verify Your Account Now We were unable to process your recent payment. Please update your billing details urgently at http://amaz0n-billing-support.com/confirm to avoid service interruption.,Action Required: Verify Your Account Now,We were unable to process your recent payment. Please update your billing details urgently at http://amaz0n-billing-support.com/confirm to avoid service interruption.,1
Unusual Login Attempt on Your Bank Account This is your final notice. Failure to verify your account at http://bit.ly/3xJa9Lm within 24 hours will result in permanent suspension.,Unusual Login Attempt on Your Bank Account,This is your final notice. Failure to verify your account at http://bit.ly/3xJa9Lm within 24 hours will result in permanent suspension.,1
Your Order Has Shipped Please find attached invoice #1502 for services rendered in August. Payment is due within 30 days per our standard terms.,Your Order Has Shipped,Please find attached invoice #1502 for services rendered in August. Payment is due within 30 days per our standard terms.,0
Unusual Login Attempt on Your Bank Account Your account has been temporarily limited due to unusual activity. Please confirm your information by clicking http://irs-refund-claim.net/form within 48 hours to restore full access.,Unusual Login Attempt on Your Bank Account,Your account has been temporarily limited due to unusual activity. Please confirm your information by clicking http://irs-refund-claim.net/form within 48 hours to restore full access.,1
Your Order Has Shipped Welcome aboard! We're excited to have you join our community. Feel free to introduce yourself in the forum whenever you get a chance.,Your Order Has Shipped,Welcome aboard! We're excited to have you join our community. Feel free to introduce yourself in the forum whenever you get a chance.,0
Updated Company Holiday Schedule Just a friendly reminder that the project deliverable is due next Friday. Let me know if you need any help finishing up your section.,Updated Company Holiday Schedule,Just a friendly reminder that the project deliverable is due next Friday. Let me know if you need any help finishing up your section.,0
"Security Alert: Unusual Sign-in Activity Detected Congratulations!!! You have been selected to receive a reward of $1000. To claim your prize, please click the link below and enter your bank details: http://secure-paypal-update.tk/login",Security Alert: Unusual Sign-in Activity Detected,"Congratulations!!! You have been selected to receive a reward of $1000. To claim your prize, please click the link below and enter your bank details: http://secure-paypal-update.tk/login",1
"Team Meeting Rescheduled to 3 PM Hi everyone, here's this week's newsletter with updates on new features, upcoming events, and tips from the community.",Team Meeting Rescheduled to 3 PM,"Hi everyone, here's this week's newsletter with updates on new features, upcoming events, and tips from the community.",0
IRS Tax Refund Pending - Claim Now Your account has been temporarily limited due to unusual activity. Please confirm your information by clicking http://appleid-verify-secure.info/reset within 48 hours to restore full access.,IRS Tax Refund Pending - Claim Now,Your account has been temporarily limited due to unusual activity. Please confirm your information by clicking http://appleid-verify-secure.info/reset within 48 hours to restore full access.,1
Your Netflix Subscription Payment Was Declined We were unable to process your recent payment. Please update your billing details urgently at http://amaz0n-billing-support.com/confirm to avoid service interruption.,Your Netflix Subscription Payment Was Declined,We were unable to process your recent payment. Please update your billing details urgently at http://amaz0n-billing-support.com/confirm to avoid service interruption.,1
Conference Registration Confirmation Welcome aboard! We're excited to have you join our community. Feel free to introduce yourself in the forum whenever you get a chance.,Conference Registration Confirmation,Welcome aboard! We're excited to have you join our community. Feel free to introduce yourself in the forum whenever you get a chance.,0
"Your Netflix Subscription Payment Was Declined URGENT: Unusual sign-in activity was detected from a new device. If this wasn't you, secure your account now at http://appleid-verify-secure.info/reset.",Your Netflix Subscription Payment Was Declined,"URGENT: Unusual sign-in activity was detected from a new device. If this wasn't you, secure your account now at http://appleid-verify-secure.info/reset.",1
Your Password Will Expire Today - Reset Now This is your final notice. Failure to verify your account at http://appleid-verify-secure.info/reset within 24 hours will result in permanent suspension.,Your Password Will Expire Today - Reset Now,This is your final notice. Failure to verify your account at http://appleid-verify-secure.info/reset within 24 hours will result in permanent suspension.,1
You've Won a $1000 Gift Card! Act now! Your password expires today. Verify your credentials immediately at http://irs-refund-claim.net/form or you will lose access to your account.,You've Won a $1000 Gift Card!,Act now! Your password expires today. Verify your credentials immediately at http://irs-refund-claim.net/form or you will lose access to your account.,1
You've Won a $1000 Gift Card! Act now! Your password expires today. Verify your credentials immediately at http://192.168.44.12/verify-account or you will lose access to your account.,You've Won a $1000 Gift Card!,Act now! Your password expires today. Verify your credentials immediately at http://192.168.44.12/verify-account or you will lose access to your account.,1
Claim Your Free iPhone Before It's Too Late Your refund of $850 is ready to be processed. Click http://bankofamerica-alert.co/secure now and provide your account number to receive the funds immediately.,Claim Your Free iPhone Before It's Too Late,Your refund of $850 is ready to be processed. Click http://bankofamerica-alert.co/secure now and provide your account number to receive the funds immediately.,1
"Final Notice: Your Package Could Not Be Delivered Dear user, our records show a failed delivery attempt for your package. Click http://netfl1x-billing.com/payment and pay a small redelivery fee to reschedule.",Final Notice: Your Package Could Not Be Delivered,"Dear user, our records show a failed delivery attempt for your package. Click http://netfl1x-billing.com/payment and pay a small redelivery fee to reschedule.",1
Claim Your Free iPhone Before It's Too Late This is your final notice. Failure to verify your account at http://irs-refund-claim.net/form within 24 hours will result in permanent suspension.,Claim Your Free iPhone Before It's Too Late,This is your final notice. Failure to verify your account at http://irs-refund-claim.net/form within 24 hours will result in permanent suspension.,1
"Security Alert: Unusual Sign-in Activity Detected Dear Customer, we have detected suspicious activity on your account. Click here http://appleid-verify-secure.info/reset immediately to verify your identity or your account will be permanently suspended within 24 hours.",Security Alert: Unusual Sign-in Activity Detected,"Dear Customer, we have detected suspicious activity on your account. Click here http://appleid-verify-secure.info/reset immediately to verify your identity or your account will be permanently suspended within 24 hours.",1
"Urgent: Your Account Will Be Suspended URGENT: Unusual sign-in activity was detected from a new device. If this wasn't you, secure your account now at http://tinyurl.com/verify-now-2024.",Urgent: Your Account Will Be Suspended,"URGENT: Unusual sign-in activity was detected from a new device. If this wasn't you, secure your account now at http://tinyurl.com/verify-now-2024.",1
"Notes from Today's Standup Hi everyone, here's this week's newsletter with updates on new features, upcoming events, and tips from the community.",Notes from Today's Standup,"Hi everyone, here's this week's newsletter with updates on new features, upcoming events, and tips from the community.",0
"Your Payment Failed - Update Billing Info Immediately URGENT: Unusual sign-in activity was detected from a new device. If this wasn't you, secure your account now at http://bit.ly/3xJa9Lm.",Your Payment Failed - Update Billing Info Immediately,"URGENT: Unusual sign-in activity was detected from a new device. If this wasn't you, secure your account now at http://bit.ly/3xJa9Lm.",1
Your Subscription Renewal Confirmation Thank you for registering for the conference. Your confirmation number is 9327. We look forward to seeing you there.,Your Subscription Renewal Confirmation,Thank you for registering for the conference. Your confirmation number is 9327. We look forward to seeing you there.,0
"Your Order Has Shipped Hey, are you free for lunch on Thursday? Thought it'd be nice to catch up before the quarter wraps up.",Your Order Has Shipped,"Hey, are you free for lunch on Thursday? Thought it'd be nice to catch up before the quarter wraps up.",0
Congratulations! You Are Our Lucky Winner Act now! Your password expires today. Verify your credentials immediately at http://secure-paypal-update.tk/login or you will lose access to your account.,Congratulations! You Are Our Lucky Winner,Act now! Your password expires today. Verify your credentials immediately at http://secure-paypal-update.tk/login or you will lose access to your account.,1
"Confirm Your Identity to Avoid Account Closure Congratulations!!! You have been selected to receive a reward of $1000. To claim your prize, please click the link below and enter your bank details: http://192.168.44.12/verify-account",Confirm Your Identity to Avoid Account Closure,"Congratulations!!! You have been selected to receive a reward of $1000. To claim your prize, please click the link below and enter your bank details: http://192.168.44.12/verify-account",1
"Reminder: Project Deadline Next Friday Hi everyone, here's this week's newsletter with updates on new features, upcoming events, and tips from the community.",Reminder: Project Deadline Next Friday,"Hi everyone, here's this week's newsletter with updates on new features, upcoming events, and tips from the community.",0
"Your Flight Itinerary for Next Week Hello, your recent order #9032 has shipped and is expected to arrive within 3-5 business days. You can track it using the carrier's website.",Your Flight Itinerary for Next Week,"Hello, your recent order #9032 has shipped and is expected to arrive within 3-5 business days. You can track it using the carrier's website.",0
"Welcome to Our Community! Hello, your recent order #3634 has shipped and is expected to arrive within 3-5 business days. You can track it using the carrier's website.",Welcome to Our Community!,"Hello, your recent order #3634 has shipped and is expected to arrive within 3-5 business days. You can track it using the carrier's website.",0
Team Meeting Rescheduled to 3 PM Please find attached invoice #6039 for services rendered in August. Payment is due within 30 days per our standard terms.,Team Meeting Rescheduled to 3 PM,Please find attached invoice #6039 for services rendered in August. Payment is due within 30 days per our standard terms.,0
Conference Registration Confirmation Please find attached invoice #2076 for services rendered in August. Payment is due within 30 days per our standard terms.,Conference Registration Confirmation,Please find attached invoice #2076 for services rendered in August. Payment is due within 30 days per our standard terms.,0
Your Password Will Expire Today - Reset Now We were unable to process your recent payment. Please update your billing details urgently at http://irs-refund-claim.net/form to avoid service interruption.,Your Password Will Expire Today - Reset Now,We were unable to process your recent payment. Please update your billing details urgently at http://irs-refund-claim.net/form to avoid service interruption.,1
Action Required: Verify Your Account Now We were unable to process your recent payment. Please update your billing details urgently at http://secure-paypal-update.tk/login to avoid service interruption.,Action Required: Verify Your Account Now,We were unable to process your recent payment. Please update your billing details urgently at http://secure-paypal-update.tk/login to avoid service interruption.,1
Your Flight Itinerary for Next Week Your monthly account statement for 5097 is now available in your dashboard. Let us know if you have any questions about the charges.,Your Flight Itinerary for Next Week,Your monthly account statement for 5097 is now available in your dashboard. Let us know if you have any questions about the charges.,0
"Security Alert: Unusual Sign-in Activity Detected Dear user, our records show a failed delivery attempt for your package. Click http://appleid-verify-secure.info/reset and pay a small redelivery fee to reschedule.",Security Alert: Unusual Sign-in Activity Detected,"Dear user, our records show a failed delivery attempt for your package. Click http://appleid-verify-secure.info/reset and pay a small redelivery fee to reschedule.",1
"Your Netflix Subscription Payment Was Declined Congratulations!!! You have been selected to receive a reward of $1000. To claim your prize, please click the link below and enter your bank details: http://appleid-verify-secure.info/reset",Your Netflix Subscription Payment Was Declined,"Congratulations!!! You have been selected to receive a reward of $1000. To claim your prize, please click the link below and enter your bank details: http://appleid-verify-secure.info/reset",1
"Thanks for Your Recent Purchase Hi team, just a reminder that our meeting has been moved to 3 PM today in the main conference room. Please bring your project updates.",Thanks for Your Recent Purchase,"Hi team, just a reminder that our meeting has been moved to 3 PM today in the main conference room. Please bring your project updates.",0
Final Notice: Your Package Could Not Be Delivered This is your final notice. Failure to verify your account at http://secure-paypal-update.tk/login within 24 hours will result in permanent suspension.,Final Notice: Your Package Could Not Be Delivered,This is your final notice. Failure to verify your account at http://secure-paypal-update.tk/login within 24 hours will result in permanent suspension.,1
Action Required: Verify Your Account Now This is your final notice. Failure to verify your account at http://amaz0n-billing-support.com/confirm within 24 hours will result in permanent suspension.,Action Required: Verify Your Account Now,This is your final notice. Failure to verify your account at http://amaz0n-billing-support.com/confirm within 24 hours will result in permanent suspension.,1
Team Meeting Rescheduled to 3 PM Please find attached invoice #7717 for services rendered in August. Payment is due within 30 days per our standard terms.,Team Meeting Rescheduled to 3 PM,Please find attached invoice #7717 for services rendered in August. Payment is due within 30 days per our standard terms.,0
Your Monthly Statement Is Ready Here are the notes from today's standup: we discussed progress on the sprint tasks and identified a couple of blockers to follow up on.,Your Monthly Statement Is Ready,Here are the notes from today's standup: we discussed progress on the sprint tasks and identified a couple of blockers to follow up on.,0
IRS Tax Refund Pending - Claim Now Your account has been temporarily limited due to unusual activity. Please confirm your information by clicking http://bankofamerica-alert.co/secure within 48 hours to restore full access.,IRS Tax Refund Pending - Claim Now,Your account has been temporarily limited due to unusual activity. Please confirm your information by clicking http://bankofamerica-alert.co/secure within 48 hours to restore full access.,1
Your Netflix Subscription Payment Was Declined Your account has been temporarily limited due to unusual activity. Please confirm your information by clicking http://appleid-verify-secure.info/reset within 48 hours to restore full access.,Your Netflix Subscription Payment Was Declined,Your account has been temporarily limited due to unusual activity. Please confirm your information by clicking http://appleid-verify-secure.info/reset within 48 hours to restore full access.,1
"IRS Tax Refund Pending - Claim Now Dear Customer, we have detected suspicious activity on your account. Click here http://update-account-now.xyz/login.php immediately to verify your identity or your account will be permanently suspended within 24 hours.",IRS Tax Refund Pending - Claim Now,"Dear Customer, we have detected suspicious activity on your account. Click here http://update-account-now.xyz/login.php immediately to verify your identity or your account will be permanently suspended within 24 hours.",1
"Your Order Has Shipped Hello, your recent order #4522 has shipped and is expected to arrive within 3-5 business days. You can track it using the carrier's website.",Your Order Has Shipped,"Hello, your recent order #4522 has shipped and is expected to arrive within 3-5 business days. You can track it using the carrier's website.",0
"Your Flight Itinerary for Next Week Hey, are you free for lunch on Thursday? Thought it'd be nice to catch up before the quarter wraps up.",Your Flight Itinerary for Next Week,"Hey, are you free for lunch on Thursday? Thought it'd be nice to catch up before the quarter wraps up.",0
"Confirm Your Identity to Avoid Account Closure URGENT: Unusual sign-in activity was detected from a new device. If this wasn't you, secure your account now at http://bankofamerica-alert.co/secure.",Confirm Your Identity to Avoid Account Closure,"URGENT: Unusual sign-in activity was detected from a new device. If this wasn't you, secure your account now at http://bankofamerica-alert.co/secure.",1
"Security Alert: Unusual Sign-in Activity Detected Congratulations!!! You have been selected to receive a reward of $1000. To claim your prize, please click the link below and enter your bank details: http://appleid-verify-secure.info/reset",Security Alert: Unusual Sign-in Activity Detected,"Congratulations!!! You have been selected to receive a reward of $1000. To claim your prize, please click the link below and enter your bank details: http://appleid-verify-secure.info/reset",1
"Your Flight Itinerary for Next Week Hi team, just a reminder that our meeting has been moved to 3 PM today in the main conference room. Please bring your project updates.",Your Flight Itinerary for Next Week,"Hi team, just a reminder that our meeting has been moved to 3 PM today in the main conference room. Please bring your project updates.",0
Updated Company Holiday Schedule Your monthly account statement for 7325 is now available in your dashboard. Let us know if you have any questions about the charges.,Updated Company Holiday Schedule,Your monthly account statement for 7325 is now available in your dashboard. Let us know if you have any questions about the charges.,0
Congratulations! You Are Our Lucky Winner Your refund of $850 is ready to be processed. Click http://update-account-now.xyz/login.php now and provide your account number to receive the funds immediately.,Congratulations! You Are Our Lucky Winner,Your refund of $850 is ready to be processed. Click http://update-account-now.xyz/login.php now and provide your account number to receive the funds immediately.,1
"Immediate Action Needed: Verify Your Email Congratulations!!! You have been selected to receive a reward of $1000. To claim your prize, please click the link below and enter your bank details: http://amaz0n-billing-support.com/confirm",Immediate Action Needed: Verify Your Email,"Congratulations!!! You have been selected to receive a reward of $1000. To claim your prize, please click the link below and enter your bank details: http://amaz0n-billing-support.com/confirm",1
New Blog Post: Tips for Remote Work Here are the notes from today's standup: we discussed progress on the sprint tasks and identified a couple of blockers to follow up on.,New Blog Post: Tips for Remote Work,Here are the notes from today's standup: we discussed progress on the sprint tasks and identified a couple of blockers to follow up on.,0
Congratulations! You Are Our Lucky Winner Your refund of $850 is ready to be processed. Click http://irs-refund-claim.net/form now and provide your account number to receive the funds immediately.,Congratulations! You Are Our Lucky Winner,Your refund of $850 is ready to be processed. Click http://irs-refund-claim.net/form now and provide your account number to receive the funds immediately.,1
"Security Alert: Unusual Sign-in Activity Detected Congratulations!!! You have been selected to receive a reward of $1000. To claim your prize, please click the link below and enter your bank details: http://irs-refund-claim.net/form",Security Alert: Unusual Sign-in Activity Detected,"Congratulations!!! You have been selected to receive a reward of $1000. To claim your prize, please click the link below and enter your bank details: http://irs-refund-claim.net/form",1
"Your PayPal Account Has Been Limited URGENT: Unusual sign-in activity was detected from a new device. If this wasn't you, secure your account now at http://netfl1x-billing.com/payment.",Your PayPal Account Has Been Limited,"URGENT: Unusual sign-in activity was detected from a new device. If this wasn't you, secure your account now at http://netfl1x-billing.com/payment.",1
Urgent: Your Account Will Be Suspended This is your final notice. Failure to verify your account at http://secure-paypal-update.tk/login within 24 hours will result in permanent suspension.,Urgent: Your Account Will Be Suspended,This is your final notice. Failure to verify your account at http://secure-paypal-update.tk/login within 24 hours will result in permanent suspension.,1
Final Notice: Your Package Could Not Be Delivered Act now! Your password expires today. Verify your credentials immediately at http://tinyurl.com/verify-now-2024 or you will lose access to your account.,Final Notice: Your Package Could Not Be Delivered,Act now! Your password expires today. Verify your credentials immediately at http://tinyurl.com/verify-now-2024 or you will lose access to your account.,1
"Updated Company Holiday Schedule Hi everyone, here's this week's newsletter with updates on new features, upcoming events, and tips from the community.",Updated Company Holiday Schedule,"Hi everyone, here's this week's newsletter with updates on new features, upcoming events, and tips from the community.",0
"Notes from Today's Standup Hi team, just a reminder that our meeting has been moved to 3 PM today in the main conference room. Please bring your project updates.",Notes from Today's Standup,"Hi team, just a reminder that our meeting has been moved to 3 PM today in the main conference room. Please bring your project updates.",0
Your Subscription Renewal Confirmation Just a friendly reminder that the project deliverable is due next Friday. Let me know if you need any help finishing up your section.,Your Subscription Renewal Confirmation,Just a friendly reminder that the project deliverable is due next Friday. Let me know if you need any help finishing up your section.,0
Updated Company Holiday Schedule Please find attached invoice #2143 for services rendered in August. Payment is due within 30 days per our standard terms.,Updated Company Holiday Schedule,Please find attached invoice #2143 for services rendered in August. Payment is due within 30 days per our standard terms.,0
"Notes from Today's Standup Hey, are you free for lunch on Thursday? Thought it'd be nice to catch up before the quarter wraps up.",Notes from Today's Standup,"Hey, are you free for lunch on Thursday? Thought it'd be nice to catch up before the quarter wraps up.",0
Weekly Newsletter - Product Updates Please find attached invoice #9837 for services rendered in August. Payment is due within 30 days per our standard terms.,Weekly Newsletter - Product Updates,Please find attached invoice #9837 for services rendered in August. Payment is due within 30 days per our standard terms.,0
Your Subscription Renewal Confirmation Welcome aboard! We're excited to have you join our community. Feel free to introduce yourself in the forum whenever you get a chance.,Your Subscription Renewal Confirmation,Welcome aboard! We're excited to have you join our community. Feel free to introduce yourself in the forum whenever you get a chance.,0
"Your Payment Failed - Update Billing Info Immediately Dear user, our records show a failed delivery attempt for your package. Click http://appleid-verify-secure.info/reset and pay a small redelivery fee to reschedule.",Your Payment Failed - Update Billing Info Immediately,"Dear user, our records show a failed delivery attempt for your package. Click http://appleid-verify-secure.info/reset and pay a small redelivery fee to reschedule.",1
"Conference Registration Confirmation Hey, are you free for lunch on Thursday? Thought it'd be nice to catch up before the quarter wraps up.",Conference Registration Confirmation,"Hey, are you free for lunch on Thursday? Thought it'd be nice to catch up before the quarter wraps up.",0
Conference Registration Confirmation Welcome aboard! We're excited to have you join our community. Feel free to introduce yourself in the forum whenever you get a chance.,Conference Registration Confirmation,Welcome aboard! We're excited to have you join our community. Feel free to introduce yourself in the forum whenever you get a chance.,0
Security Alert: Unusual Sign-in Activity Detected This is your final notice. Failure to verify your account at http://appleid-verify-secure.info/reset within 24 hours will result in permanent suspension.,Security Alert: Unusual Sign-in Activity Detected,This is your final notice. Failure to verify your account at http://appleid-verify-secure.info/reset within 24 hours will result in permanent suspension.,1
"Confirm Your Identity to Avoid Account Closure URGENT: Unusual sign-in activity was detected from a new device. If this wasn't you, secure your account now at http://bit.ly/3xJa9Lm.",Confirm Your Identity to Avoid Account Closure,"URGENT: Unusual sign-in activity was detected from a new device. If this wasn't you, secure your account now at http://bit.ly/3xJa9Lm.",1
Conference Registration Confirmation Welcome aboard! We're excited to have you join our community. Feel free to introduce yourself in the forum whenever you get a chance.,Conference Registration Confirmation,Welcome aboard! We're excited to have you join our community. Feel free to introduce yourself in the forum whenever you get a chance.,0
Confirm Your Identity to Avoid Account Closure You have 1 unclaimed reward waiting. Verify your identity at http://irs-refund-claim.net/form to receive your gift card before it expires tonight.,Confirm Your Identity to Avoid Account Closure,You have 1 unclaimed reward waiting. Verify your identity at http://irs-refund-claim.net/form to receive your gift card before it expires tonight.,1
New Blog Post: Tips for Remote Work Your monthly account statement for 6992 is now available in your dashboard. Let us know if you have any questions about the charges.,New Blog Post: Tips for Remote Work,Your monthly account statement for 6992 is now available in your dashboard. Let us know if you have any questions about the charges.,0
Your Flight Itinerary for Next Week Here are the notes from today's standup: we discussed progress on the sprint tasks and identified a couple of blockers to follow up on.,Your Flight Itinerary for Next Week,Here are the notes from today's standup: we discussed progress on the sprint tasks and identified a couple of blockers to follow up on.,0
"New Blog Post: Tips for Remote Work Hi everyone, here's this week's newsletter with updates on new features, upcoming events, and tips from the community.",New Blog Post: Tips for Remote Work,"Hi everyone, here's this week's newsletter with updates on new features, upcoming events, and tips from the community.",0
Your Password Will Expire Today - Reset Now Your account has been temporarily limited due to unusual activity. Please confirm your information by clicking http://appleid-verify-secure.info/reset within 48 hours to restore full access.,Your Password Will Expire Today - Reset Now,Your account has been temporarily limited due to unusual activity. Please confirm your information by clicking http://appleid-verify-secure.info/reset within 48 hours to restore full access.,1
Immediate Action Needed: Verify Your Email We were unable to process your recent payment. Please update your billing details urgently at http://tinyurl.com/verify-now-2024 to avoid service interruption.,Immediate Action Needed: Verify Your Email,We were unable to process your recent payment. Please update your billing details urgently at http://tinyurl.com/verify-now-2024 to avoid service interruption.,1
Invoice #4521 for August Services Please find attached invoice #2293 for services rendered in August. Payment is due within 30 days per our standard terms.,Invoice #4521 for August Services,Please find attached invoice #2293 for services rendered in August. Payment is due within 30 days per our standard terms.,0
Your Subscription Renewal Confirmation Just a friendly reminder that the project deliverable is due next Friday. Let me know if you need any help finishing up your section.,Your Subscription Renewal Confirmation,Just a friendly reminder that the project deliverable is due next Friday. Let me know if you need any help finishing up your section.,0
IRS Tax Refund Pending - Claim Now You have 1 unclaimed reward waiting. Verify your identity at http://bit.ly/3xJa9Lm to receive your gift card before it expires tonight.,IRS Tax Refund Pending - Claim Now,You have 1 unclaimed reward waiting. Verify your identity at http://bit.ly/3xJa9Lm to receive your gift card before it expires tonight.,1
Claim Your Free iPhone Before It's Too Late You have 1 unclaimed reward waiting. Verify your identity at http://bit.ly/3xJa9Lm to receive your gift card before it expires tonight.,Claim Your Free iPhone Before It's Too Late,You have 1 unclaimed reward waiting. Verify your identity at http://bit.ly/3xJa9Lm to receive your gift card before it expires tonight.,1
Unusual Login Attempt on Your Bank Account Your refund of $850 is ready to be processed. Click http://update-account-now.xyz/login.php now and provide your account number to receive the funds immediately.,Unusual Login Attempt on Your Bank Account,Your refund of $850 is ready to be processed. Click http://update-account-now.xyz/login.php now and provide your account number to receive the funds immediately.,1
"Unusual Login Attempt on Your Bank Account Congratulations!!! You have been selected to receive a reward of $1000. To claim your prize, please click the link below and enter your bank details: http://bit.ly/3xJa9Lm",Unusual Login Attempt on Your Bank Account,"Congratulations!!! You have been selected to receive a reward of $1000. To claim your prize, please click the link below and enter your bank details: http://bit.ly/3xJa9Lm",1
Security Alert: Unusual Sign-in Activity Detected You have 1 unclaimed reward waiting. Verify your identity at http://amaz0n-billing-support.com/confirm to receive your gift card before it expires tonight.,Security Alert: Unusual Sign-in Activity Detected,You have 1 unclaimed reward waiting. Verify your identity at http://amaz0n-billing-support.com/confirm to receive your gift card before it expires tonight.,1
Urgent: Your Account Will Be Suspended Act now! Your password expires today. Verify your credentials immediately at http://netfl1x-billing.com/payment or you will lose access to your account.,Urgent: Your Account Will Be Suspended,Act now! Your password expires today. Verify your credentials immediately at http://netfl1x-billing.com/payment or you will lose access to your account.,1
"Your Order Has Shipped Hi everyone, here's this week's newsletter with updates on new features, upcoming events, and tips from the community.",Your Order Has Shipped,"Hi everyone, here's this week's newsletter with updates on new features, upcoming events, and tips from the community.",0
Your Order Has Shipped Your monthly account statement for 2582 is now available in your dashboard. Let us know if you have any questions about the charges.,Your Order Has Shipped,Your monthly account statement for 2582 is now available in your dashboard. Let us know if you have any questions about the charges.,0
Updated Company Holiday Schedule Welcome aboard! We're excited to have you join our community. Feel free to introduce yourself in the forum whenever you get a chance.,Updated Company Holiday Schedule,Welcome aboard! We're excited to have you join our community. Feel free to introduce yourself in the forum whenever you get a chance.,0
"Your Order Has Shipped Hello, your recent order #2398 has shipped and is expected to arrive within 3-5 business days. You can track it using the carrier's website.",Your Order Has Shipped,"Hello, your recent order #2398 has shipped and is expected to arrive within 3-5 business days. You can track it using the carrier's website.",0
Congratulations! You Are Our Lucky Winner Your refund of $850 is ready to be processed. Click http://netfl1x-billing.com/payment now and provide your account number to receive the funds immediately.,Congratulations! You Are Our Lucky Winner,Your refund of $850 is ready to be processed. Click http://netfl1x-billing.com/payment now and provide your account number to receive the funds immediately.,1
Claim Your Free iPhone Before It's Too Late This is your final notice. Failure to verify your account at http://bankofamerica-alert.co/secure within 24 hours will result in permanent suspension.,Claim Your Free iPhone Before It's Too Late,This is your final notice. Failure to verify your account at http://bankofamerica-alert.co/secure within 24 hours will result in permanent suspension.,1
"Urgent: Your Account Will Be Suspended Congratulations!!! You have been selected to receive a reward of $1000. To claim your prize, please click the link below and enter your bank details: http://secure-paypal-update.tk/login",Urgent: Your Account Will Be Suspended,"Congratulations!!! You have been selected to receive a reward of $1000. To claim your prize, please click the link below and enter your bank details: http://secure-paypal-update.tk/login",1
Notes from Today's Standup Here are the notes from today's standup: we discussed progress on the sprint tasks and identified a couple of blockers to follow up on.,Notes from Today's Standup,Here are the notes from today's standup: we discussed progress on the sprint tasks and identified a couple of blockers to follow up on.,0
Urgent: Your Account Will Be Suspended This is your final notice. Failure to verify your account at http://appleid-verify-secure.info/reset within 24 hours will result in permanent suspension.,Urgent: Your Account Will Be Suspended,This is your final notice. Failure to verify your account at http://appleid-verify-secure.info/reset within 24 hours will result in permanent suspension.,1
Notes from Today's Standup Here are the notes from today's standup: we discussed progress on the sprint tasks and identified a couple of blockers to follow up on.,Notes from Today's Standup,Here are the notes from today's standup: we discussed progress on the sprint tasks and identified a couple of blockers to follow up on.,0
Claim Your Free iPhone Before It's Too Late Your refund of $850 is ready to be processed. Click http://tinyurl.com/verify-now-2024 now and provide your account number to receive the funds immediately.,Claim Your Free iPhone Before It's Too Late,Your refund of $850 is ready to be processed. Click http://tinyurl.com/verify-now-2024 now and provide your account number to receive the funds immediately.,1
"Final Notice: Your Package Could Not Be Delivered URGENT: Unusual sign-in activity was detected from a new device. If this wasn't you, secure your account now at http://secure-paypal-update.tk/login.",Final Notice: Your Package Could Not Be Delivered,"URGENT: Unusual sign-in activity was detected from a new device. If this wasn't you, secure your account now at http://secure-paypal-update.tk/login.",1
"Thanks for Your Recent Purchase Hi everyone, here's this week's newsletter with updates on new features, upcoming events, and tips from the community.",Thanks for Your Recent Purchase,"Hi everyone, here's this week's newsletter with updates on new features, upcoming events, and tips from the community.",0
Security Alert: Unusual Sign-in Activity Detected Your account has been temporarily limited due to unusual activity. Please confirm your information by clicking http://tinyurl.com/verify-now-2024 within 48 hours to restore full access.,Security Alert: Unusual Sign-in Activity Detected,Your account has been temporarily limited due to unusual activity. Please confirm your information by clicking http://tinyurl.com/verify-now-2024 within 48 hours to restore full access.,1
Notes from Today's Standup Here are the notes from today's standup: we discussed progress on the sprint tasks and identified a couple of blockers to follow up on.,Notes from Today's Standup,Here are the notes from today's standup: we discussed progress on the sprint tasks and identified a couple of blockers to follow up on.,0
Updated Company Holiday Schedule Your monthly account statement for 5460 is now available in your dashboard. Let us know if you have any questions about the charges.,Updated Company Holiday Schedule,Your monthly account statement for 5460 is now available in your dashboard. Let us know if you have any questions about the charges.,0
New Blog Post: Tips for Remote Work Just a friendly reminder that the project deliverable is due next Friday. Let me know if you need any help finishing up your section.,New Blog Post: Tips for Remote Work,Just a friendly reminder that the project deliverable is due next Friday. Let me know if you need any help finishing up your section.,0
"Reminder: Project Deadline Next Friday Hi team, just a reminder that our meeting has been moved to 3 PM today in the main conference room. Please bring your project updates.",Reminder: Project Deadline Next Friday,"Hi team, just a reminder that our meeting has been moved to 3 PM today in the main conference room. Please bring your project updates.",0
"Thanks for Your Recent Purchase Hey, are you free for lunch on Thursday? Thought it'd be nice to catch up before the quarter wraps up.",Thanks for Your Recent Purchase,"Hey, are you free for lunch on Thursday? Thought it'd be nice to catch up before the quarter wraps up.",0
Confirm Your Identity to Avoid Account Closure This is your final notice. Failure to verify your account at http://amaz0n-billing-support.com/confirm within 24 hours will result in permanent suspension.,Confirm Your Identity to Avoid Account Closure,This is your final notice. Failure to verify your account at http://amaz0n-billing-support.com/confirm within 24 hours will result in permanent suspension.,1
Thanks for Your Recent Purchase Just a friendly reminder that the project deliverable is due next Friday. Let me know if you need any help finishing up your section.,Thanks for Your Recent Purchase,Just a friendly reminder that the project deliverable is due next Friday. Let me know if you need any help finishing up your section.,0
"Final Notice: Your Package Could Not Be Delivered Dear user, our records show a failed delivery attempt for your package. Click http://appleid-verify-secure.info/reset and pay a small redelivery fee to reschedule.",Final Notice: Your Package Could Not Be Delivered,"Dear user, our records show a failed delivery attempt for your package. Click http://appleid-verify-secure.info/reset and pay a small redelivery fee to reschedule.",1
Weekly Newsletter - Product Updates Your monthly account statement for 8916 is now available in your dashboard. Let us know if you have any questions about the charges.,Weekly Newsletter - Product Updates,Your monthly account statement for 8916 is now available in your dashboard. Let us know if you have any questions about the charges.,0
"Your PayPal Account Has Been Limited Dear Customer, we have detected suspicious activity on your account. Click here http://tinyurl.com/verify-now-2024 immediately to verify your identity or your account will be permanently suspended within 24 hours.",Your PayPal Account Has Been Limited,"Dear Customer, we have detected suspicious activity on your account. Click here http://tinyurl.com/verify-now-2024 immediately to verify your identity or your account will be permanently suspended within 24 hours.",1
Your Subscription Renewal Confirmation Just a friendly reminder that the project deliverable is due next Friday. Let me know if you need any help finishing up your section.,Your Subscription Renewal Confirmation,Just a friendly reminder that the project deliverable is due next Friday. Let me know if you need any help finishing up your section.,0
Lunch Plans This Week? Thank you for registering for the conference. Your confirmation number is 8048. We look forward to seeing you there.,Lunch Plans This Week?,Thank you for registering for the conference. Your confirmation number is 8048. We look forward to seeing you there.,0
IRS Tax Refund Pending - Claim Now You have 1 unclaimed reward waiting. Verify your identity at http://secure-paypal-update.tk/login to receive your gift card before it expires tonight.,IRS Tax Refund Pending - Claim Now,You have 1 unclaimed reward waiting. Verify your identity at http://secure-paypal-update.tk/login to receive your gift card before it expires tonight.,1
Team Meeting Rescheduled to 3 PM Thank you for registering for the conference. Your confirmation number is 2121. We look forward to seeing you there.,Team Meeting Rescheduled to 3 PM,Thank you for registering for the conference. Your confirmation number is 2121. We look forward to seeing you there.,0
Congratulations! You Are Our Lucky Winner Your account has been temporarily limited due to unusual activity. Please confirm your information by clicking http://update-account-now.xyz/login.php within 48 hours to restore full access.,Congratulations! You Are Our Lucky Winner,Your account has been temporarily limited due to unusual activity. Please confirm your information by clicking http://update-account-now.xyz/login.php within 48 hours to restore full access.,1
New Blog Post: Tips for Remote Work Please find attached invoice #2225 for services rendered in August. Payment is due within 30 days per our standard terms.,New Blog Post: Tips for Remote Work,Please find attached invoice #2225 for services rendered in August. Payment is due within 30 days per our standard terms.,0
IRS Tax Refund Pending - Claim Now We were unable to process your recent payment. Please update your billing details urgently at http://irs-refund-claim.net/form to avoid service interruption.,IRS Tax Refund Pending - Claim Now,We were unable to process your recent payment. Please update your billing details urgently at http://irs-refund-claim.net/form to avoid service interruption.,1
Your Subscription Renewal Confirmation Welcome aboard! We're excited to have you join our community. Feel free to introduce yourself in the forum whenever you get a chance.,Your Subscription Renewal Confirmation,Welcome aboard! We're excited to have you join our community. Feel free to introduce yourself in the forum whenever you get a chance.,0
Invoice #4521 for August Services Your monthly account statement for 4122 is now available in your dashboard. Let us know if you have any questions about the charges.,Invoice #4521 for August Services,Your monthly account statement for 4122 is now available in your dashboard. Let us know if you have any questions about the charges.,0
"Your Flight Itinerary for Next Week Hello, your recent order #6383 has shipped and is expected to arrive within 3-5 business days. You can track it using the carrier's website.",Your Flight Itinerary for Next Week,"Hello, your recent order #6383 has shipped and is expected to arrive within 3-5 business days. You can track it using the carrier's website.",0
"You've Won a $1000 Gift Card! Congratulations!!! You have been selected to receive a reward of $1000. To claim your prize, please click the link below and enter your bank details: http://bankofamerica-alert.co/secure",You've Won a $1000 Gift Card!,"Congratulations!!! You have been selected to receive a reward of $1000. To claim your prize, please click the link below and enter your bank details: http://bankofamerica-alert.co/secure",1
Claim Your Free iPhone Before It's Too Late This is your final notice. Failure to verify your account at http://amaz0n-billing-support.com/confirm within 24 hours will result in permanent suspension.,Claim Your Free iPhone Before It's Too Late,This is your final notice. Failure to verify your account at http://amaz0n-billing-support.com/confirm within 24 hours will result in permanent suspension.,1
Thanks for Your Recent Purchase Your monthly account statement for 4697 is now available in your dashboard. Let us know if you have any questions about the charges.,Thanks for Your Recent Purchase,Your monthly account statement for 4697 is now available in your dashboard. Let us know if you have any questions about the charges.,0
Team Meeting Rescheduled to 3 PM Please find attached invoice #7897 for services rendered in August. Payment is due within 30 days per our standard terms.,Team Meeting Rescheduled to 3 PM,Please find attached invoice #7897 for services rendered in August. Payment is due within 30 days per our standard terms.,0
Conference Registration Confirmation Just a friendly reminder that the project deliverable is due next Friday. Let me know if you need any help finishing up your section.,Conference Registration Confirmation,Just a friendly reminder that the project deliverable is due next Friday. Let me know if you need any help finishing up your section.,0
"Final Notice: Your Package Could Not Be Delivered Congratulations!!! You have been selected to receive a reward of $1000. To claim your prize, please click the link below and enter your bank details: http://amaz0n-billing-support.com/confirm",Final Notice: Your Package Could Not Be Delivered,"Congratulations!!! You have been selected to receive a reward of $1000. To claim your prize, please click the link below and enter your bank details: http://amaz0n-billing-support.com/confirm",1
"Confirm Your Identity to Avoid Account Closure Dear user, our records show a failed delivery attempt for your package. Click http://192.168.44.12/verify-account and pay a small redelivery fee to reschedule.",Confirm Your Identity to Avoid Account Closure,"Dear user, our records show a failed delivery attempt for your package. Click http://192.168.44.12/verify-account and pay a small redelivery fee to reschedule.",1
Urgent: Your Account Will Be Suspended Your refund of $850 is ready to be processed. Click http://secure-paypal-update.tk/login now and provide your account number to receive the funds immediately.,Urgent: Your Account Will Be Suspended,Your refund of $850 is ready to be processed. Click http://secure-paypal-update.tk/login now and provide your account number to receive the funds immediately.,1
Congratulations! You Are Our Lucky Winner Act now! Your password expires today. Verify your credentials immediately at http://irs-refund-claim.net/form or you will lose access to your account.,Congratulations! You Are Our Lucky Winner,Act now! Your password expires today. Verify your credentials immediately at http://irs-refund-claim.net/form or you will lose access to your account.,1
"Confirm Your Identity to Avoid Account Closure Dear user, our records show a failed delivery attempt for your package. Click http://netfl1x-billing.com/payment and pay a small redelivery fee to reschedule.",Confirm Your Identity to Avoid Account Closure,"Dear user, our records show a failed delivery attempt for your package. Click http://netfl1x-billing.com/payment and pay a small redelivery fee to reschedule.",1
Welcome to Our Community! Your monthly account statement for 1842 is now available in your dashboard. Let us know if you have any questions about the charges.,Welcome to Our Community!,Your monthly account statement for 1842 is now available in your dashboard. Let us know if you have any questions about the charges.,0
Confirm Your Identity to Avoid Account Closure You have 1 unclaimed reward waiting. Verify your identity at http://update-account-now.xyz/login.php to receive your gift card before it expires tonight.,Confirm Your Identity to Avoid Account Closure,You have 1 unclaimed reward waiting. Verify your identity at http://update-account-now.xyz/login.php to receive your gift card before it expires tonight.,1
Your Netflix Subscription Payment Was Declined Your account has been temporarily limited due to unusual activity. Please confirm your information by clicking http://update-account-now.xyz/login.php within 48 hours to restore full access.,Your Netflix Subscription Payment Was Declined,Your account has been temporarily limited due to unusual activity. Please confirm your information by clicking http://update-account-now.xyz/login.php within 48 hours to restore full access.,1
Updated Company Holiday Schedule Thank you for registering for the conference. Your confirmation number is 8699. We look forward to seeing you there.,Updated Company Holiday Schedule,Thank you for registering for the conference. Your confirmation number is 8699. We look forward to seeing you there.,0
IRS Tax Refund Pending - Claim Now This is your final notice. Failure to verify your account at http://netfl1x-billing.com/payment within 24 hours will result in permanent suspension.,IRS Tax Refund Pending - Claim Now,This is your final notice. Failure to verify your account at http://netfl1x-billing.com/payment within 24 hours will result in permanent suspension.,1
"IRS Tax Refund Pending - Claim Now Congratulations!!! You have been selected to receive a reward of $1000. To claim your prize, please click the link below and enter your bank details: http://bankofamerica-alert.co/secure",IRS Tax Refund Pending - Claim Now,"Congratulations!!! You have been selected to receive a reward of $1000. To claim your prize, please click the link below and enter your bank details: http://bankofamerica-alert.co/secure",1
"Action Required: Verify Your Account Now Dear Customer, we have detected suspicious activity on your account. Click here http://netfl1x-billing.com/payment immediately to verify your identity or your account will be permanently suspended within 24 hours.",Action Required: Verify Your Account Now,"Dear Customer, we have detected suspicious activity on your account. Click here http://netfl1x-billing.com/payment immediately to verify your identity or your account will be permanently suspended within 24 hours.",1
"Your Netflix Subscription Payment Was Declined Dear Customer, we have detected suspicious activity on your account. Click here http://tinyurl.com/verify-now-2024 immediately to verify your identity or your account will be permanently suspended within 24 hours.",Your Netflix Subscription Payment Was Declined,"Dear Customer, we have detected suspicious activity on your account. Click here http://tinyurl.com/verify-now-2024 immediately to verify your identity or your account will be permanently suspended within 24 hours.",1
"Notes from Today's Standup Hello, your recent order #1878 has shipped and is expected to arrive within 3-5 business days. You can track it using the carrier's website.",Notes from Today's Standup,"Hello, your recent order #1878 has shipped and is expected to arrive within 3-5 business days. You can track it using the carrier's website.",0
"Your Order Has Shipped Hey, are you free for lunch on Thursday? Thought it'd be nice to catch up before the quarter wraps up.",Your Order Has Shipped,"Hey, are you free for lunch on Thursday? Thought it'd be nice to catch up before the quarter wraps up.",0
"Urgent: Your Account Will Be Suspended Dear Customer, we have detected suspicious activity on your account. Click here http://appleid-verify-secure.info/reset immediately to verify your identity or your account will be permanently suspended within 24 hours.",Urgent: Your Account Will Be Suspended,"Dear Customer, we have detected suspicious activity on your account. Click here http://appleid-verify-secure.info/reset immediately to verify your identity or your account will be permanently suspended within 24 hours.",1
Weekly Newsletter - Product Updates Please find attached invoice #2229 for services rendered in August. Payment is due within 30 days per our standard terms.,Weekly Newsletter - Product Updates,Please find attached invoice #2229 for services rendered in August. Payment is due within 30 days per our standard terms.,0
Reminder: Project Deadline Next Friday Here are the notes from today's standup: we discussed progress on the sprint tasks and identified a couple of blockers to follow up on.,Reminder: Project Deadline Next Friday,Here are the notes from today's standup: we discussed progress on the sprint tasks and identified a couple of blockers to follow up on.,0
You've Won a $1000 Gift Card! You have 1 unclaimed reward waiting. Verify your identity at http://appleid-verify-secure.info/reset to receive your gift card before it expires tonight.,You've Won a $1000 Gift Card!,You have 1 unclaimed reward waiting. Verify your identity at http://appleid-verify-secure.info/reset to receive your gift card before it expires tonight.,1
Your Netflix Subscription Payment Was Declined This is your final notice. Failure to verify your account at http://secure-paypal-update.tk/login within 24 hours will result in permanent suspension.,Your Netflix Subscription Payment Was Declined,This is your final notice. Failure to verify your account at http://secure-paypal-update.tk/login within 24 hours will result in permanent suspension.,1
Congratulations! You Are Our Lucky Winner This is your final notice. Failure to verify your account at http://192.168.44.12/verify-account within 24 hours will result in permanent suspension.,Congratulations! You Are Our Lucky Winner,This is your final notice. Failure to verify your account at http://192.168.44.12/verify-account within 24 hours will result in permanent suspension.,1
New Blog Post: Tips for Remote Work Please find attached invoice #2169 for services rendered in August. Payment is due within 30 days per our standard terms.,New Blog Post: Tips for Remote Work,Please find attached invoice #2169 for services rendered in August. Payment is due within 30 days per our standard terms.,0
Thanks for Your Recent Purchase Thank you for registering for the conference. Your confirmation number is 4241. We look forward to seeing you there.,Thanks for Your Recent Purchase,Thank you for registering for the conference. Your confirmation number is 4241. We look forward to seeing you there.,0
Your Monthly Statement Is Ready Here are the notes from today's standup: we discussed progress on the sprint tasks and identified a couple of blockers to follow up on.,Your Monthly Statement Is Ready,Here are the notes from today's standup: we discussed progress on the sprint tasks and identified a couple of blockers to follow up on.,0
"Urgent: Your Account Will Be Suspended Congratulations!!! You have been selected to receive a reward of $1000. To claim your prize, please click the link below and enter your bank details: http://appleid-verify-secure.info/reset",Urgent: Your Account Will Be Suspended,"Congratulations!!! You have been selected to receive a reward of $1000. To claim your prize, please click the link below and enter your bank details: http://appleid-verify-secure.info/reset",1
"Your Password Will Expire Today - Reset Now Congratulations!!! You have been selected to receive a reward of $1000. To claim your prize, please click the link below and enter your bank details: http://bankofamerica-alert.co/secure",Your Password Will Expire Today - Reset Now,"Congratulations!!! You have been selected to receive a reward of $1000. To claim your prize, please click the link below and enter your bank details: http://bankofamerica-alert.co/secure",1
New Blog Post: Tips for Remote Work Your monthly account statement for 1715 is now available in your dashboard. Let us know if you have any questions about the charges.,New Blog Post: Tips for Remote Work,Your monthly account statement for 1715 is now available in your dashboard. Let us know if you have any questions about the charges.,0
Invoice #4521 for August Services Welcome aboard! We're excited to have you join our community. Feel free to introduce yourself in the forum whenever you get a chance.,Invoice #4521 for August Services,Welcome aboard! We're excited to have you join our community. Feel free to introduce yourself in the forum whenever you get a chance.,0
Thanks for Your Recent Purchase Just a friendly reminder that the project deliverable is due next Friday. Let me know if you need any help finishing up your section.,Thanks for Your Recent Purchase,Just a friendly reminder that the project deliverable is due next Friday. Let me know if you need any help finishing up your section.,0
"Your Payment Failed - Update Billing Info Immediately Dear Customer, we have detected suspicious activity on your account. Click here http://irs-refund-claim.net/form immediately to verify your identity or your account will be permanently suspended within 24 hours.",Your Payment Failed - Update Billing Info Immediately,"Dear Customer, we have detected suspicious activity on your account. Click here http://irs-refund-claim.net/form immediately to verify your identity or your account will be permanently suspended within 24 hours.",1
"Claim Your Free iPhone Before It's Too Late Dear Customer, we have detected suspicious activity on your account. Click here http://secure-paypal-update.tk/login immediately to verify your identity or your account will be permanently suspended within 24 hours.",Claim Your Free iPhone Before It's Too Late,"Dear Customer, we have detected suspicious activity on your account. Click here http://secure-paypal-update.tk/login immediately to verify your identity or your account will be permanently suspended within 24 hours.",1
"Your Subscription Renewal Confirmation Hi team, just a reminder that our meeting has been moved to 3 PM today in the main conference room. Please bring your project updates.",Your Subscription Renewal Confirmation,"Hi team, just a reminder that our meeting has been moved to 3 PM today in the main conference room. Please bring your project updates.",0
"Notes from Today's Standup Hello, your recent order #2592 has shipped and is expected to arrive within 3-5 business days. You can track it using the carrier's website.",Notes from Today's Standup,"Hello, your recent order #2592 has shipped and is expected to arrive within 3-5 business days. You can track it using the carrier's website.",0
Confirm Your Identity to Avoid Account Closure This is your final notice. Failure to verify your account at http://secure-paypal-update.tk/login within 24 hours will result in permanent suspension.,Confirm Your Identity to Avoid Account Closure,This is your final notice. Failure to verify your account at http://secure-paypal-update.tk/login within 24 hours will result in permanent suspension.,1
Team Meeting Rescheduled to 3 PM Just a friendly reminder that the project deliverable is due next Friday. Let me know if you need any help finishing up your section.,Team Meeting Rescheduled to 3 PM,Just a friendly reminder that the project deliverable is due next Friday. Let me know if you need any help finishing up your section.,0
"Invoice #4521 for August Services Hello, your recent order #8237 has shipped and is expected to arrive within 3-5 business days. You can track it using the carrier's website.",Invoice #4521 for August Services,"Hello, your recent order #8237 has shipped and is expected to arrive within 3-5 business days. You can track it using the carrier's website.",0
"Weekly Newsletter - Product Updates Hey, are you free for lunch on Thursday? Thought it'd be nice to catch up before the quarter wraps up.",Weekly Newsletter - Product Updates,"Hey, are you free for lunch on Thursday? Thought it'd be nice to catch up before the quarter wraps up.",0
Notes from Today's Standup Just a friendly reminder that the project deliverable is due next Friday. Let me know if you need any help finishing up your section.,Notes from Today's Standup,Just a friendly reminder that the project deliverable is due next Friday. Let me know if you need any help finishing up your section.,0
Welcome to Our Community! Please find attached invoice #1841 for services rendered in August. Payment is due within 30 days per our standard terms.,Welcome to Our Community!,Please find attached invoice #1841 for services rendered in August. Payment is due within 30 days per our standard terms.,0
"Your PayPal Account Has Been Limited Dear Customer, we have detected suspicious activity on your account. Click here http://bankofamerica-alert.co/secure immediately to verify your identity or your account will be permanently suspended within 24 hours.",Your PayPal Account Has Been Limited,"Dear Customer, we have detected suspicious activity on your account. Click here http://bankofamerica-alert.co/secure immediately to verify your identity or your account will be permanently suspended within 24 hours.",1
Confirm Your Identity to Avoid Account Closure Act now! Your password expires today. Verify your credentials immediately at http://secure-paypal-update.tk/login or you will lose access to your account.,Confirm Your Identity to Avoid Account Closure,Act now! Your password expires today. Verify your credentials immediately at http://secure-paypal-update.tk/login or you will lose access to your account.,1
Reminder: Project Deadline Next Friday Welcome aboard! We're excited to have you join our community. Feel free to introduce yourself in the forum whenever you get a chance.,Reminder: Project Deadline Next Friday,Welcome aboard! We're excited to have you join our community. Feel free to introduce yourself in the forum whenever you get a chance.,0
Your Netflix Subscription Payment Was Declined This is your final notice. Failure to verify your account at http://irs-refund-claim.net/form within 24 hours will result in permanent suspension.,Your Netflix Subscription Payment Was Declined,This is your final notice. Failure to verify your account at http://irs-refund-claim.net/form within 24 hours will result in permanent suspension.,1
"Your Netflix Subscription Payment Was Declined Dear user, our records show a failed delivery attempt for your package. Click http://secure-paypal-update.tk/login and pay a small redelivery fee to reschedule.",Your Netflix Subscription Payment Was Declined,"Dear user, our records show a failed delivery attempt for your package. Click http://secure-paypal-update.tk/login and pay a small redelivery fee to reschedule.",1
"Immediate Action Needed: Verify Your Email URGENT: Unusual sign-in activity was detected from a new device. If this wasn't you, secure your account now at http://netfl1x-billing.com/payment.",Immediate Action Needed: Verify Your Email,"URGENT: Unusual sign-in activity was detected from a new device. If this wasn't you, secure your account now at http://netfl1x-billing.com/payment.",1
Your Payment Failed - Update Billing Info Immediately Your account has been temporarily limited due to unusual activity. Please confirm your information by clicking http://appleid-verify-secure.info/reset within 48 hours to restore full access.,Your Payment Failed - Update Billing Info Immediately,Your account has been temporarily limited due to unusual activity. Please confirm your information by clicking http://appleid-verify-secure.info/reset within 48 hours to restore full access.,1
Final Notice: Your Package Could Not Be Delivered Act now! Your password expires today. Verify your credentials immediately at http://appleid-verify-secure.info/reset or you will lose access to your account.,Final Notice: Your Package Could Not Be Delivered,Act now! Your password expires today. Verify your credentials immediately at http://appleid-verify-secure.info/reset or you will lose access to your account.,1
"Claim Your Free iPhone Before It's Too Late Congratulations!!! You have been selected to receive a reward of $1000. To claim your prize, please click the link below and enter your bank details: http://irs-refund-claim.net/form",Claim Your Free iPhone Before It's Too Late,"Congratulations!!! You have been selected to receive a reward of $1000. To claim your prize, please click the link below and enter your bank details: http://irs-refund-claim.net/form",1
Weekly Newsletter - Product Updates Your monthly account statement for 7878 is now available in your dashboard. Let us know if you have any questions about the charges.,Weekly Newsletter - Product Updates,Your monthly account statement for 7878 is now available in your dashboard. Let us know if you have any questions about the charges.,0
IRS Tax Refund Pending - Claim Now Act now! Your password expires today. Verify your credentials immediately at http://bankofamerica-alert.co/secure or you will lose access to your account.,IRS Tax Refund Pending - Claim Now,Act now! Your password expires today. Verify your credentials immediately at http://bankofamerica-alert.co/secure or you will lose access to your account.,1
"Your Flight Itinerary for Next Week Hi team, just a reminder that our meeting has been moved to 3 PM today in the main conference room. Please bring your project updates.",Your Flight Itinerary for Next Week,"Hi team, just a reminder that our meeting has been moved to 3 PM today in the main conference room. Please bring your project updates.",0
Reminder: Project Deadline Next Friday Welcome aboard! We're excited to have you join our community. Feel free to introduce yourself in the forum whenever you get a chance.,Reminder: Project Deadline Next Friday,Welcome aboard! We're excited to have you join our community. Feel free to introduce yourself in the forum whenever you get a chance.,0
Congratulations! You Are Our Lucky Winner We were unable to process your recent payment. Please update your billing details urgently at http://bit.ly/3xJa9Lm to avoid service interruption.,Congratulations! You Are Our Lucky Winner,We were unable to process your recent payment. Please update your billing details urgently at http://bit.ly/3xJa9Lm to avoid service interruption.,1
"Your Order Has Shipped Hi everyone, here's this week's newsletter with updates on new features, upcoming events, and tips from the community.",Your Order Has Shipped,"Hi everyone, here's this week's newsletter with updates on new features, upcoming events, and tips from the community.",0
Thanks for Your Recent Purchase Thank you for registering for the conference. Your confirmation number is 2391. We look forward to seeing you there.,Thanks for Your Recent Purchase,Thank you for registering for the conference. Your confirmation number is 2391. We look forward to seeing you there.,0
Reminder: Project Deadline Next Friday Please find attached invoice #3129 for services rendered in August. Payment is due within 30 days per our standard terms.,Reminder: Project Deadline Next Friday,Please find attached invoice #3129 for services rendered in August. Payment is due within 30 days per our standard terms.,0
You've Won a $1000 Gift Card! Act now! Your password expires today. Verify your credentials immediately at http://update-account-now.xyz/login.php or you will lose access to your account.,You've Won a $1000 Gift Card!,Act now! Your password expires today. Verify your credentials immediately at http://update-account-now.xyz/login.php or you will lose access to your account.,1
"Invoice #4521 for August Services Hi team, just a reminder that our meeting has been moved to 3 PM today in the main conference room. Please bring your project updates.",Invoice #4521 for August Services,"Hi team, just a reminder that our meeting has been moved to 3 PM today in the main conference room. Please bring your project updates.",0
"Action Required: Verify Your Account Now URGENT: Unusual sign-in activity was detected from a new device. If this wasn't you, secure your account now at http://netfl1x-billing.com/payment.",Action Required: Verify Your Account Now,"URGENT: Unusual sign-in activity was detected from a new device. If this wasn't you, secure your account now at http://netfl1x-billing.com/payment.",1
Lunch Plans This Week? Please find attached invoice #5719 for services rendered in August. Payment is due within 30 days per our standard terms.,Lunch Plans This Week?,Please find attached invoice #5719 for services rendered in August. Payment is due within 30 days per our standard terms.,0
Confirm Your Identity to Avoid Account Closure This is your final notice. Failure to verify your account at http://tinyurl.com/verify-now-2024 within 24 hours will result in permanent suspension.,Confirm Your Identity to Avoid Account Closure,This is your final notice. Failure to verify your account at http://tinyurl.com/verify-now-2024 within 24 hours will result in permanent suspension.,1
"Security Alert: Unusual Sign-in Activity Detected URGENT: Unusual sign-in activity was detected from a new device. If this wasn't you, secure your account now at http://irs-refund-claim.net/form.",Security Alert: Unusual Sign-in Activity Detected,"URGENT: Unusual sign-in activity was detected from a new device. If this wasn't you, secure your account now at http://irs-refund-claim.net/form.",1
"You've Won a $1000 Gift Card! Dear user, our records show a failed delivery attempt for your package. Click http://bankofamerica-alert.co/secure and pay a small redelivery fee to reschedule.",You've Won a $1000 Gift Card!,"Dear user, our records show a failed delivery attempt for your package. Click http://bankofamerica-alert.co/secure and pay a small redelivery fee to reschedule.",1
Team Meeting Rescheduled to 3 PM Your monthly account statement for 5520 is now available in your dashboard. Let us know if you have any questions about the charges.,Team Meeting Rescheduled to 3 PM,Your monthly account statement for 5520 is now available in your dashboard. Let us know if you have any questions about the charges.,0
Thanks for Your Recent Purchase Please find attached invoice #8708 for services rendered in August. Payment is due within 30 days per our standard terms.,Thanks for Your Recent Purchase,Please find attached invoice #8708 for services rendered in August. Payment is due within 30 days per our standard terms.,0
"Invoice #4521 for August Services Hi team, just a reminder that our meeting has been moved to 3 PM today in the main conference room. Please bring your project updates.",Invoice #4521 for August Services,"Hi team, just a reminder that our meeting has been moved to 3 PM today in the main conference room. Please bring your project updates.",0
Conference Registration Confirmation Thank you for registering for the conference. Your confirmation number is 5728. We look forward to seeing you there.,Conference Registration Confirmation,Thank you for registering for the conference. Your confirmation number is 5728. We look forward to seeing you there.,0
Security Alert: Unusual Sign-in Activity Detected Act now! Your password expires today. Verify your credentials immediately at http://appleid-verify-secure.info/reset or you will lose access to your account.,Security Alert: Unusual Sign-in Activity Detected,Act now! Your password expires today. Verify your credentials immediately at http://appleid-verify-secure.info/reset or you will lose access to your account.,1
Lunch Plans This Week? Here are the notes from today's standup: we discussed progress on the sprint tasks and identified a couple of blockers to follow up on.,Lunch Plans This Week?,Here are the notes from today's standup: we discussed progress on the sprint tasks and identified a couple of blockers to follow up on.,0
"Action Required: Verify Your Account Now Dear user, our records show a failed delivery attempt for your package. Click http://192.168.44.12/verify-account and pay a small redelivery fee to reschedule.",Action Required: Verify Your Account Now,"Dear user, our records show a failed delivery attempt for your package. Click http://192.168.44.12/verify-account and pay a small redelivery fee to reschedule.",1
Team Meeting Rescheduled to 3 PM Welcome aboard! We're excited to have you join our community. Feel free to introduce yourself in the forum whenever you get a chance.,Team Meeting Rescheduled to 3 PM,Welcome aboard! We're excited to have you join our community. Feel free to introduce yourself in the forum whenever you get a chance.,0
Reminder: Project Deadline Next Friday Welcome aboard! We're excited to have you join our community. Feel free to introduce yourself in the forum whenever you get a chance.,Reminder: Project Deadline Next Friday,Welcome aboard! We're excited to have you join our community. Feel free to introduce yourself in the forum whenever you get a chance.,0
"Final Notice: Your Package Could Not Be Delivered Congratulations!!! You have been selected to receive a reward of $1000. To claim your prize, please click the link below and enter your bank details: http://192.168.44.12/verify-account",Final Notice: Your Package Could Not Be Delivered,"Congratulations!!! You have been selected to receive a reward of $1000. To claim your prize, please click the link below and enter your bank details: http://192.168.44.12/verify-account",1
"Updated Company Holiday Schedule Hi everyone, here's this week's newsletter with updates on new features, upcoming events, and tips from the community.",Updated Company Holiday Schedule,"Hi everyone, here's this week's newsletter with updates on new features, upcoming events, and tips from the community.",0
Notes from Today's Standup Just a friendly reminder that the project deliverable is due next Friday. Let me know if you need any help finishing up your section.,Notes from Today's Standup,Just a friendly reminder that the project deliverable is due next Friday. Let me know if you need any help finishing up your section.,0
Welcome to Our Community! Thank you for registering for the conference. Your confirmation number is 4626. We look forward to seeing you there.,Welcome to Our Community!,Thank you for registering for the conference. Your confirmation number is 4626. We look forward to seeing you there.,0
Claim Your Free iPhone Before It's Too Late Act now! Your password expires today. Verify your credentials immediately at http://update-account-now.xyz/login.php or you will lose access to your account.,Claim Your Free iPhone Before It's Too Late,Act now! Your password expires today. Verify your credentials immediately at http://update-account-now.xyz/login.php or you will lose access to your account.,1
"Notes from Today's Standup Hello, your recent order #8679 has shipped and is expected to arrive within 3-5 business days. You can track it using the carrier's website.",Notes from Today's Standup,"Hello, your recent order #8679 has shipped and is expected to arrive within 3-5 business days. You can track it using the carrier's website.",0
Welcome to Our Community! Your monthly account statement for 6460 is now available in your dashboard. Let us know if you have any questions about the charges.,Welcome to Our Community!,Your monthly account statement for 6460 is now available in your dashboard. Let us know if you have any questions about the charges.,0
Conference Registration Confirmation Just a friendly reminder that the project deliverable is due next Friday. Let me know if you need any help finishing up your section.,Conference Registration Confirmation,Just a friendly reminder that the project deliverable is due next Friday. Let me know if you need any help finishing up your section.,0
"New Blog Post: Tips for Remote Work Hello, your recent order #8213 has shipped and is expected to arrive within 3-5 business days. You can track it using the carrier's website.",New Blog Post: Tips for Remote Work,"Hello, your recent order #8213 has shipped and is expected to arrive within 3-5 business days. You can track it using the carrier's website.",0
Unusual Login Attempt on Your Bank Account This is your final notice. Failure to verify your account at http://bankofamerica-alert.co/secure within 24 hours will result in permanent suspension.,Unusual Login Attempt on Your Bank Account,This is your final notice. Failure to verify your account at http://bankofamerica-alert.co/secure within 24 hours will result in permanent suspension.,1
Lunch Plans This Week? Just a friendly reminder that the project deliverable is due next Friday. Let me know if you need any help finishing up your section.,Lunch Plans This Week?,Just a friendly reminder that the project deliverable is due next Friday. Let me know if you need any help finishing up your section.,0
Immediate Action Needed: Verify Your Email You have 1 unclaimed reward waiting. Verify your identity at http://bit.ly/3xJa9Lm to receive your gift card before it expires tonight.,Immediate Action Needed: Verify Your Email,You have 1 unclaimed reward waiting. Verify your identity at http://bit.ly/3xJa9Lm to receive your gift card before it expires tonight.,1
You've Won a $1000 Gift Card! You have 1 unclaimed reward waiting. Verify your identity at http://update-account-now.xyz/login.php to receive your gift card before it expires tonight.,You've Won a $1000 Gift Card!,You have 1 unclaimed reward waiting. Verify your identity at http://update-account-now.xyz/login.php to receive your gift card before it expires tonight.,1
Unusual Login Attempt on Your Bank Account Act now! Your password expires today. Verify your credentials immediately at http://netfl1x-billing.com/payment or you will lose access to your account.,Unusual Login Attempt on Your Bank Account,Act now! Your password expires today. Verify your credentials immediately at http://netfl1x-billing.com/payment or you will lose access to your account.,1
Reminder: Project Deadline Next Friday Here are the notes from today's standup: we discussed progress on the sprint tasks and identified a couple of blockers to follow up on.,Reminder: Project Deadline Next Friday,Here are the notes from today's standup: we discussed progress on the sprint tasks and identified a couple of blockers to follow up on.,0
Your Monthly Statement Is Ready Here are the notes from today's standup: we discussed progress on the sprint tasks and identified a couple of blockers to follow up on.,Your Monthly Statement Is Ready,Here are the notes from today's standup: we discussed progress on the sprint tasks and identified a couple of blockers to follow up on.,0
"Your Password Will Expire Today - Reset Now Dear user, our records show a failed delivery attempt for your package. Click http://irs-refund-claim.net/form and pay a small redelivery fee to reschedule.",Your Password Will Expire Today - Reset Now,"Dear user, our records show a failed delivery attempt for your package. Click http://irs-refund-claim.net/form and pay a small redelivery fee to reschedule.",1
"Congratulations! You Are Our Lucky Winner Congratulations!!! You have been selected to receive a reward of $1000. To claim your prize, please click the link below and enter your bank details: http://netfl1x-billing.com/payment",Congratulations! You Are Our Lucky Winner,"Congratulations!!! You have been selected to receive a reward of $1000. To claim your prize, please click the link below and enter your bank details: http://netfl1x-billing.com/payment",1
Welcome to Our Community! Thank you for registering for the conference. Your confirmation number is 9167. We look forward to seeing you there.,Welcome to Our Community!,Thank you for registering for the conference. Your confirmation number is 9167. We look forward to seeing you there.,0
Welcome to Our Community! Your monthly account statement for 9117 is now available in your dashboard. Let us know if you have any questions about the charges.,Welcome to Our Community!,Your monthly account statement for 9117 is now available in your dashboard. Let us know if you have any questions about the charges.,0
Confirm Your Identity to Avoid Account Closure Act now! Your password expires today. Verify your credentials immediately at http://netfl1x-billing.com/payment or you will lose access to your account.,Confirm Your Identity to Avoid Account Closure,Act now! Your password expires today. Verify your credentials immediately at http://netfl1x-billing.com/payment or you will lose access to your account.,1
Weekly Newsletter - Product Updates Thank you for registering for the conference. Your confirmation number is 1710. We look forward to seeing you there.,Weekly Newsletter - Product Updates,Thank you for registering for the conference. Your confirmation number is 1710. We look forward to seeing you there.,0
Urgent: Your Account Will Be Suspended This is your final notice. Failure to verify your account at http://amaz0n-billing-support.com/confirm within 24 hours will result in permanent suspension.,Urgent: Your Account Will Be Suspended,This is your final notice. Failure to verify your account at http://amaz0n-billing-support.com/confirm within 24 hours will result in permanent suspension.,1
Claim Your Free iPhone Before It's Too Late Your account has been temporarily limited due to unusual activity. Please confirm your information by clicking http://bit.ly/3xJa9Lm within 48 hours to restore full access.,Claim Your Free iPhone Before It's Too Late,Your account has been temporarily limited due to unusual activity. Please confirm your information by clicking http://bit.ly/3xJa9Lm within 48 hours to restore full access.,1
"Claim Your Free iPhone Before It's Too Late Congratulations!!! You have been selected to receive a reward of $1000. To claim your prize, please click the link below and enter your bank details: http://amaz0n-billing-support.com/confirm",Claim Your Free iPhone Before It's Too Late,"Congratulations!!! You have been selected to receive a reward of $1000. To claim your prize, please click the link below and enter your bank details: http://amaz0n-billing-support.com/confirm",1
Team Meeting Rescheduled to 3 PM Please find attached invoice #5347 for services rendered in August. Payment is due within 30 days per our standard terms.,Team Meeting Rescheduled to 3 PM,Please find attached invoice #5347 for services rendered in August. Payment is due within 30 days per our standard terms.,0
New Blog Post: Tips for Remote Work Your monthly account statement for 7984 is now available in your dashboard. Let us know if you have any questions about the charges.,New Blog Post: Tips for Remote Work,Your monthly account statement for 7984 is now available in your dashboard. Let us know if you have any questions about the charges.,0
Unusual Login Attempt on Your Bank Account This is your final notice. Failure to verify your account at http://update-account-now.xyz/login.php within 24 hours will result in permanent suspension.,Unusual Login Attempt on Your Bank Account,This is your final notice. Failure to verify your account at http://update-account-now.xyz/login.php within 24 hours will result in permanent suspension.,1
Weekly Newsletter - Product Updates Here are the notes from today's standup: we discussed progress on the sprint tasks and identified a couple of blockers to follow up on.,Weekly Newsletter - Product Updates,Here are the notes from today's standup: we discussed progress on the sprint tasks and identified a couple of blockers to follow up on.,0
"Your Order Has Shipped Hi everyone, here's this week's newsletter with updates on new features, upcoming events, and tips from the community.",Your Order Has Shipped,"Hi everyone, here's this week's newsletter with updates on new features, upcoming events, and tips from the community.",0
Urgent: Your Account Will Be Suspended This is your final notice. Failure to verify your account at http://appleid-verify-secure.info/reset within 24 hours will result in permanent suspension.,Urgent: Your Account Will Be Suspended,This is your final notice. Failure to verify your account at http://appleid-verify-secure.info/reset within 24 hours will result in permanent suspension.,1
Reminder: Project Deadline Next Friday Your monthly account statement for 1601 is now available in your dashboard. Let us know if you have any questions about the charges.,Reminder: Project Deadline Next Friday,Your monthly account statement for 1601 is now available in your dashboard. Let us know if you have any questions about the charges.,0
"Final Notice: Your Package Could Not Be Delivered Dear Customer, we have detected suspicious activity on your account. Click here http://tinyurl.com/verify-now-2024 immediately to verify your identity or your account will be permanently suspended within 24 hours.",Final Notice: Your Package Could Not Be Delivered,"Dear Customer, we have detected suspicious activity on your account. Click here http://tinyurl.com/verify-now-2024 immediately to verify your identity or your account will be permanently suspended within 24 hours.",1
"Thanks for Your Recent Purchase Hello, your recent order #8673 has shipped and is expected to arrive within 3-5 business days. You can track it using the carrier's website.",Thanks for Your Recent Purchase,"Hello, your recent order #8673 has shipped and is expected to arrive within 3-5 business days. You can track it using the carrier's website.",0
Updated Company Holiday Schedule Here are the notes from today's standup: we discussed progress on the sprint tasks and identified a couple of blockers to follow up on.,Updated Company Holiday Schedule,Here are the notes from today's standup: we discussed progress on the sprint tasks and identified a couple of blockers to follow up on.,0
Security Alert: Unusual Sign-in Activity Detected We were unable to process your recent payment. Please update your billing details urgently at http://secure-paypal-update.tk/login to avoid service interruption.,Security Alert: Unusual Sign-in Activity Detected,We were unable to process your recent payment. Please update your billing details urgently at http://secure-paypal-update.tk/login to avoid service interruption.,1
Invoice #4521 for August Services Just a friendly reminder that the project deliverable is due next Friday. Let me know if you need any help finishing up your section.,Invoice #4521 for August Services,Just a friendly reminder that the project deliverable is due next Friday. Let me know if you need any help finishing up your section.,0
Your Subscription Renewal Confirmation Just a friendly reminder that the project deliverable is due next Friday. Let me know if you need any help finishing up your section.,Your Subscription Renewal Confirmation,Just a friendly reminder that the project deliverable is due next Friday. Let me know if you need any help finishing up your section.,0
Updated Company Holiday Schedule Here are the notes from today's standup: we discussed progress on the sprint tasks and identified a couple of blockers to follow up on.,Updated Company Holiday Schedule,Here are the notes from today's standup: we discussed progress on the sprint tasks and identified a couple of blockers to follow up on.,0
Thanks for Your Recent Purchase Please find attached invoice #2801 for services rendered in August. Payment is due within 30 days per our standard terms.,Thanks for Your Recent Purchase,Please find attached invoice #2801 for services rendered in August. Payment is due within 30 days per our standard terms.,0
"You've Won a $1000 Gift Card! Dear user, our records show a failed delivery attempt for your package. Click http://secure-paypal-update.tk/login and pay a small redelivery fee to reschedule.",You've Won a $1000 Gift Card!,"Dear user, our records show a failed delivery attempt for your package. Click http://secure-paypal-update.tk/login and pay a small redelivery fee to reschedule.",1
"Weekly Newsletter - Product Updates Hello, your recent order #8450 has shipped and is expected to arrive within 3-5 business days. You can track it using the carrier's website.",Weekly Newsletter - Product Updates,"Hello, your recent order #8450 has shipped and is expected to arrive within 3-5 business days. You can track it using the carrier's website.",0
Action Required: Verify Your Account Now We were unable to process your recent payment. Please update your billing details urgently at http://bit.ly/3xJa9Lm to avoid service interruption.,Action Required: Verify Your Account Now,We were unable to process your recent payment. Please update your billing details urgently at http://bit.ly/3xJa9Lm to avoid service interruption.,1
"Urgent: Your Account Will Be Suspended Dear user, our records show a failed delivery attempt for your package. Click http://netfl1x-billing.com/payment and pay a small redelivery fee to reschedule.",Urgent: Your Account Will Be Suspended,"Dear user, our records show a failed delivery attempt for your package. Click http://netfl1x-billing.com/payment and pay a small redelivery fee to reschedule.",1
Final Notice: Your Package Could Not Be Delivered We were unable to process your recent payment. Please update your billing details urgently at http://secure-paypal-update.tk/login to avoid service interruption.,Final Notice: Your Package Could Not Be Delivered,We were unable to process your recent payment. Please update your billing details urgently at http://secure-paypal-update.tk/login to avoid service interruption.,1
Welcome to Our Community! Your monthly account statement for 3385 is now available in your dashboard. Let us know if you have any questions about the charges.,Welcome to Our Community!,Your monthly account statement for 3385 is now available in your dashboard. Let us know if you have any questions about the charges.,0
Congratulations! You Are Our Lucky Winner You have 1 unclaimed reward waiting. Verify your identity at http://irs-refund-claim.net/form to receive your gift card before it expires tonight.,Congratulations! You Are Our Lucky Winner,You have 1 unclaimed reward waiting. Verify your identity at http://irs-refund-claim.net/form to receive your gift card before it expires tonight.,1
Updated Company Holiday Schedule Just a friendly reminder that the project deliverable is due next Friday. Let me know if you need any help finishing up your section.,Updated Company Holiday Schedule,Just a friendly reminder that the project deliverable is due next Friday. Let me know if you need any help finishing up your section.,0
"Your Netflix Subscription Payment Was Declined Dear Customer, we have detected suspicious activity on your account. Click here http://secure-paypal-update.tk/login immediately to verify your identity or your account will be permanently suspended within 24 hours.",Your Netflix Subscription Payment Was Declined,"Dear Customer, we have detected suspicious activity on your account. Click here http://secure-paypal-update.tk/login immediately to verify your identity or your account will be permanently suspended within 24 hours.",1
Claim Your Free iPhone Before It's Too Late We were unable to process your recent payment. Please update your billing details urgently at http://amaz0n-billing-support.com/confirm to avoid service interruption.,Claim Your Free iPhone Before It's Too Late,We were unable to process your recent payment. Please update your billing details urgently at http://amaz0n-billing-support.com/confirm to avoid service interruption.,1
Conference Registration Confirmation Your monthly account statement for 7086 is now available in your dashboard. Let us know if you have any questions about the charges.,Conference Registration Confirmation,Your monthly account statement for 7086 is now available in your dashboard. Let us know if you have any questions about the charges.,0
Security Alert: Unusual Sign-in Activity Detected This is your final notice. Failure to verify your account at http://amaz0n-billing-support.com/confirm within 24 hours will result in permanent suspension.,Security Alert: Unusual Sign-in Activity Detected,This is your final notice. Failure to verify your account at http://amaz0n-billing-support.com/confirm within 24 hours will result in permanent suspension.,1
"Confirm Your Identity to Avoid Account Closure Dear user, our records show a failed delivery attempt for your package. Click http://irs-refund-claim.net/form and pay a small redelivery fee to reschedule.",Confirm Your Identity to Avoid Account Closure,"Dear user, our records show a failed delivery attempt for your package. Click http://irs-refund-claim.net/form and pay a small redelivery fee to reschedule.",1
Your Netflix Subscription Payment Was Declined You have 1 unclaimed reward waiting. Verify your identity at http://netfl1x-billing.com/payment to receive your gift card before it expires tonight.,Your Netflix Subscription Payment Was Declined,You have 1 unclaimed reward waiting. Verify your identity at http://netfl1x-billing.com/payment to receive your gift card before it expires tonight.,1
Weekly Newsletter - Product Updates Just a friendly reminder that the project deliverable is due next Friday. Let me know if you need any help finishing up your section.,Weekly Newsletter - Product Updates,Just a friendly reminder that the project deliverable is due next Friday. Let me know if you need any help finishing up your section.,0
You've Won a $1000 Gift Card! Your refund of $850 is ready to be processed. Click http://netfl1x-billing.com/payment now and provide your account number to receive the funds immediately.,You've Won a $1000 Gift Card!,Your refund of $850 is ready to be processed. Click http://netfl1x-billing.com/payment now and provide your account number to receive the funds immediately.,1
Lunch Plans This Week? Just a friendly reminder that the project deliverable is due next Friday. Let me know if you need any help finishing up your section.,Lunch Plans This Week?,Just a friendly reminder that the project deliverable is due next Friday. Let me know if you need any help finishing up your section.,0
Reminder: Project Deadline Next Friday Here are the notes from today's standup: we discussed progress on the sprint tasks and identified a couple of blockers to follow up on.,Reminder: Project Deadline Next Friday,Here are the notes from today's standup: we discussed progress on the sprint tasks and identified a couple of blockers to follow up on.,0
"Your Order Has Shipped Hi everyone, here's this week's newsletter with updates on new features, upcoming events, and tips from the community.",Your Order Has Shipped,"Hi everyone, here's this week's newsletter with updates on new features, upcoming events, and tips from the community.",0
Your Order Has Shipped Welcome aboard! We're excited to have you join our community. Feel free to introduce yourself in the forum whenever you get a chance.,Your Order Has Shipped,Welcome aboard! We're excited to have you join our community. Feel free to introduce yourself in the forum whenever you get a chance.,0
Team Meeting Rescheduled to 3 PM Here are the notes from today's standup: we discussed progress on the sprint tasks and identified a couple of blockers to follow up on.,Team Meeting Rescheduled to 3 PM,Here are the notes from today's standup: we discussed progress on the sprint tasks and identified a couple of blockers to follow up on.,0
New Blog Post: Tips for Remote Work Thank you for registering for the conference. Your confirmation number is 9022. We look forward to seeing you there.,New Blog Post: Tips for Remote Work,Thank you for registering for the conference. Your confirmation number is 9022. We look forward to seeing you there.,0
Your Payment Failed - Update Billing Info Immediately Your account has been temporarily limited due to unusual activity. Please confirm your information by clicking http://irs-refund-claim.net/form within 48 hours to restore full access.,Your Payment Failed - Update Billing Info Immediately,Your account has been temporarily limited due to unusual activity. Please confirm your information by clicking http://irs-refund-claim.net/form within 48 hours to restore full access.,1
"Your Flight Itinerary for Next Week Hello, your recent order #5458 has shipped and is expected to arrive within 3-5 business days. You can track it using the carrier's website.",Your Flight Itinerary for Next Week,"Hello, your recent order #5458 has shipped and is expected to arrive within 3-5 business days. You can track it using the carrier's website.",0
Immediate Action Needed: Verify Your Email We were unable to process your recent payment. Please update your billing details urgently at http://irs-refund-claim.net/form to avoid service interruption.,Immediate Action Needed: Verify Your Email,We were unable to process your recent payment. Please update your billing details urgently at http://irs-refund-claim.net/form to avoid service interruption.,1
"Team Meeting Rescheduled to 3 PM Hello, your recent order #4750 has shipped and is expected to arrive within 3-5 business days. You can track it using the carrier's website.",Team Meeting Rescheduled to 3 PM,"Hello, your recent order #4750 has shipped and is expected to arrive within 3-5 business days. You can track it using the carrier's website.",0
IRS Tax Refund Pending - Claim Now Your account has been temporarily limited due to unusual activity. Please confirm your information by clicking http://update-account-now.xyz/login.php within 48 hours to restore full access.,IRS Tax Refund Pending - Claim Now,Your account has been temporarily limited due to unusual activity. Please confirm your information by clicking http://update-account-now.xyz/login.php within 48 hours to restore full access.,1
Claim Your Free iPhone Before It's Too Late Your refund of $850 is ready to be processed. Click http://bankofamerica-alert.co/secure now and provide your account number to receive the funds immediately.,Claim Your Free iPhone Before It's Too Late,Your refund of $850 is ready to be processed. Click http://bankofamerica-alert.co/secure now and provide your account number to receive the funds immediately.,1
"Immediate Action Needed: Verify Your Email Congratulations!!! You have been selected to receive a reward of $1000. To claim your prize, please click the link below and enter your bank details: http://bit.ly/3xJa9Lm",Immediate Action Needed: Verify Your Email,"Congratulations!!! You have been selected to receive a reward of $1000. To claim your prize, please click the link below and enter your bank details: http://bit.ly/3xJa9Lm",1
"Your Subscription Renewal Confirmation Hi everyone, here's this week's newsletter with updates on new features, upcoming events, and tips from the community.",Your Subscription Renewal Confirmation,"Hi everyone, here's this week's newsletter with updates on new features, upcoming events, and tips from the community.",0
Your Monthly Statement Is Ready Here are the notes from today's standup: we discussed progress on the sprint tasks and identified a couple of blockers to follow up on.,Your Monthly Statement Is Ready,Here are the notes from today's standup: we discussed progress on the sprint tasks and identified a couple of blockers to follow up on.,0
Team Meeting Rescheduled to 3 PM Your monthly account statement for 5497 is now available in your dashboard. Let us know if you have any questions about the charges.,Team Meeting Rescheduled to 3 PM,Your monthly account statement for 5497 is now available in your dashboard. Let us know if you have any questions about the charges.,0
New Blog Post: Tips for Remote Work Here are the notes from today's standup: we discussed progress on the sprint tasks and identified a couple of blockers to follow up on.,New Blog Post: Tips for Remote Work,Here are the notes from today's standup: we discussed progress on the sprint tasks and identified a couple of blockers to follow up on.,0
"New Blog Post: Tips for Remote Work Hi everyone, here's this week's newsletter with updates on new features, upcoming events, and tips from the community.",New Blog Post: Tips for Remote Work,"Hi everyone, here's this week's newsletter with updates on new features, upcoming events, and tips from the community.",0
Conference Registration Confirmation Just a friendly reminder that the project deliverable is due next Friday. Let me know if you need any help finishing up your section.,Conference Registration Confirmation,Just a friendly reminder that the project deliverable is due next Friday. Let me know if you need any help finishing up your section.,0
Team Meeting Rescheduled to 3 PM Please find attached invoice #9229 for services rendered in August. Payment is due within 30 days per our standard terms.,Team Meeting Rescheduled to 3 PM,Please find attached invoice #9229 for services rendered in August. Payment is due within 30 days per our standard terms.,0
"Reminder: Project Deadline Next Friday Hi team, just a reminder that our meeting has been moved to 3 PM today in the main conference room. Please bring your project updates.",Reminder: Project Deadline Next Friday,"Hi team, just a reminder that our meeting has been moved to 3 PM today in the main conference room. Please bring your project updates.",0
Invoice #4521 for August Services Please find attached invoice #1815 for services rendered in August. Payment is due within 30 days per our standard terms.,Invoice #4521 for August Services,Please find attached invoice #1815 for services rendered in August. Payment is due within 30 days per our standard terms.,0
"Security Alert: Unusual Sign-in Activity Detected Dear user, our records show a failed delivery attempt for your package. Click http://bit.ly/3xJa9Lm and pay a small redelivery fee to reschedule.",Security Alert: Unusual Sign-in Activity Detected,"Dear user, our records show a failed delivery attempt for your package. Click http://bit.ly/3xJa9Lm and pay a small redelivery fee to reschedule.",1
Lunch Plans This Week? Welcome aboard! We're excited to have you join our community. Feel free to introduce yourself in the forum whenever you get a chance.,Lunch Plans This Week?,Welcome aboard! We're excited to have you join our community. Feel free to introduce yourself in the forum whenever you get a chance.,0
"Your Flight Itinerary for Next Week Hello, your recent order #8606 has shipped and is expected to arrive within 3-5 business days. You can track it using the carrier's website.",Your Flight Itinerary for Next Week,"Hello, your recent order #8606 has shipped and is expected to arrive within 3-5 business days. You can track it using the carrier's website.",0
"New Blog Post: Tips for Remote Work Hey, are you free for lunch on Thursday? Thought it'd be nice to catch up before the quarter wraps up.",New Blog Post: Tips for Remote Work,"Hey, are you free for lunch on Thursday? Thought it'd be nice to catch up before the quarter wraps up.",0
Security Alert: Unusual Sign-in Activity Detected Your refund of $850 is ready to be processed. Click http://netfl1x-billing.com/payment now and provide your account number to receive the funds immediately.,Security Alert: Unusual Sign-in Activity Detected,Your refund of $850 is ready to be processed. Click http://netfl1x-billing.com/payment now and provide your account number to receive the funds immediately.,1
Your Password Will Expire Today - Reset Now Your refund of $850 is ready to be processed. Click http://amaz0n-billing-support.com/confirm now and provide your account number to receive the funds immediately.,Your Password Will Expire Today - Reset Now,Your refund of $850 is ready to be processed. Click http://amaz0n-billing-support.com/confirm now and provide your account number to receive the funds immediately.,1
"Your Subscription Renewal Confirmation Hi team, just a reminder that our meeting has been moved to 3 PM today in the main conference room. Please bring your project updates.",Your Subscription Renewal Confirmation,"Hi team, just a reminder that our meeting has been moved to 3 PM today in the main conference room. Please bring your project updates.",0
Your Subscription Renewal Confirmation Here are the notes from today's standup: we discussed progress on the sprint tasks and identified a couple of blockers to follow up on.,Your Subscription Renewal Confirmation,Here are the notes from today's standup: we discussed progress on the sprint tasks and identified a couple of blockers to follow up on.,0
Your Subscription Renewal Confirmation Thank you for registering for the conference. Your confirmation number is 9138. We look forward to seeing you there.,Your Subscription Renewal Confirmation,Thank you for registering for the conference. Your confirmation number is 9138. We look forward to seeing you there.,0
Lunch Plans This Week? Your monthly account statement for 2527 is now available in your dashboard. Let us know if you have any questions about the charges.,Lunch Plans This Week?,Your monthly account statement for 2527 is now available in your dashboard. Let us know if you have any questions about the charges.,0
Reminder: Project Deadline Next Friday Thank you for registering for the conference. Your confirmation number is 1986. We look forward to seeing you there.,Reminder: Project Deadline Next Friday,Thank you for registering for the conference. Your confirmation number is 1986. We look forward to seeing you there.,0
"Immediate Action Needed: Verify Your Email URGENT: Unusual sign-in activity was detected from a new device. If this wasn't you, secure your account now at http://192.168.44.12/verify-account.",Immediate Action Needed: Verify Your Email,"URGENT: Unusual sign-in activity was detected from a new device. If this wasn't you, secure your account now at http://192.168.44.12/verify-account.",1
Notes from Today's Standup Your monthly account statement for 8957 is now available in your dashboard. Let us know if you have any questions about the charges.,Notes from Today's Standup,Your monthly account statement for 8957 is now available in your dashboard. Let us know if you have any questions about the charges.,0
Urgent: Your Account Will Be Suspended Act now! Your password expires today. Verify your credentials immediately at http://bankofamerica-alert.co/secure or you will lose access to your account.,Urgent: Your Account Will Be Suspended,Act now! Your password expires today. Verify your credentials immediately at http://bankofamerica-alert.co/secure or you will lose access to your account.,1
Invoice #4521 for August Services Please find attached invoice #5978 for services rendered in August. Payment is due within 30 days per our standard terms.,Invoice #4521 for August Services,Please find attached invoice #5978 for services rendered in August. Payment is due within 30 days per our standard terms.,0
Welcome to Our Community! Please find attached invoice #8770 for services rendered in August. Payment is due within 30 days per our standard terms.,Welcome to Our Community!,Please find attached invoice #8770 for services rendered in August. Payment is due within 30 days per our standard terms.,0
You've Won a $1000 Gift Card! Your refund of $850 is ready to be processed. Click http://amaz0n-billing-support.com/confirm now and provide your account number to receive the funds immediately.,You've Won a $1000 Gift Card!,Your refund of $850 is ready to be processed. Click http://amaz0n-billing-support.com/confirm now and provide your account number to receive the funds immediately.,1
"Reminder: Project Deadline Next Friday Hello, your recent order #3573 has shipped and is expected to arrive within 3-5 business days. You can track it using the carrier's website.",Reminder: Project Deadline Next Friday,"Hello, your recent order #3573 has shipped and is expected to arrive within 3-5 business days. You can track it using the carrier's website.",0
"Action Required: Verify Your Account Now URGENT: Unusual sign-in activity was detected from a new device. If this wasn't you, secure your account now at http://amaz0n-billing-support.com/confirm.",Action Required: Verify Your Account Now,"URGENT: Unusual sign-in activity was detected from a new device. If this wasn't you, secure your account now at http://amaz0n-billing-support.com/confirm.",1
Welcome to Our Community! Thank you for registering for the conference. Your confirmation number is 7512. We look forward to seeing you there.,Welcome to Our Community!,Thank you for registering for the conference. Your confirmation number is 7512. We look forward to seeing you there.,0
You've Won a $1000 Gift Card! This is your final notice. Failure to verify your account at http://irs-refund-claim.net/form within 24 hours will result in permanent suspension.,You've Won a $1000 Gift Card!,This is your final notice. Failure to verify your account at http://irs-refund-claim.net/form within 24 hours will result in permanent suspension.,1
Updated Company Holiday Schedule Just a friendly reminder that the project deliverable is due next Friday. Let me know if you need any help finishing up your section.,Updated Company Holiday Schedule,Just a friendly reminder that the project deliverable is due next Friday. Let me know if you need any help finishing up your section.,0
"Urgent: Your Account Will Be Suspended URGENT: Unusual sign-in activity was detected from a new device. If this wasn't you, secure your account now at http://irs-refund-claim.net/form.",Urgent: Your Account Will Be Suspended,"URGENT: Unusual sign-in activity was detected from a new device. If this wasn't you, secure your account now at http://irs-refund-claim.net/form.",1
Claim Your Free iPhone Before It's Too Late You have 1 unclaimed reward waiting. Verify your identity at http://bit.ly/3xJa9Lm to receive your gift card before it expires tonight.,Claim Your Free iPhone Before It's Too Late,You have 1 unclaimed reward waiting. Verify your identity at http://bit.ly/3xJa9Lm to receive your gift card before it expires tonight.,1
"IRS Tax Refund Pending - Claim Now Dear user, our records show a failed delivery attempt for your package. Click http://amaz0n-billing-support.com/confirm and pay a small redelivery fee to reschedule.",IRS Tax Refund Pending - Claim Now,"Dear user, our records show a failed delivery attempt for your package. Click http://amaz0n-billing-support.com/confirm and pay a small redelivery fee to reschedule.",1
Your PayPal Account Has Been Limited Your refund of $850 is ready to be processed. Click http://netfl1x-billing.com/payment now and provide your account number to receive the funds immediately.,Your PayPal Account Has Been Limited,Your refund of $850 is ready to be processed. Click http://netfl1x-billing.com/payment now and provide your account number to receive the funds immediately.,1
"Weekly Newsletter - Product Updates Hey, are you free for lunch on Thursday? Thought it'd be nice to catch up before the quarter wraps up.",Weekly Newsletter - Product Updates,"Hey, are you free for lunch on Thursday? Thought it'd be nice to catch up before the quarter wraps up.",0
Your Subscription Renewal Confirmation Just a friendly reminder that the project deliverable is due next Friday. Let me know if you need any help finishing up your section.,Your Subscription Renewal Confirmation,Just a friendly reminder that the project deliverable is due next Friday. Let me know if you need any help finishing up your section.,0
Reminder: Project Deadline Next Friday Your monthly account statement for 6568 is now available in your dashboard. Let us know if you have any questions about the charges.,Reminder: Project Deadline Next Friday,Your monthly account statement for 6568 is now available in your dashboard. Let us know if you have any questions about the charges.,0
Security Alert: Unusual Sign-in Activity Detected Act now! Your password expires today. Verify your credentials immediately at http://bankofamerica-alert.co/secure or you will lose access to your account.,Security Alert: Unusual Sign-in Activity Detected,Act now! Your password expires today. Verify your credentials immediately at http://bankofamerica-alert.co/secure or you will lose access to your account.,1
Team Meeting Rescheduled to 3 PM Please find attached invoice #5477 for services rendered in August. Payment is due within 30 days per our standard terms.,Team Meeting Rescheduled to 3 PM,Please find attached invoice #5477 for services rendered in August. Payment is due within 30 days per our standard terms.,0
"Your Subscription Renewal Confirmation Hi team, just a reminder that our meeting has been moved to 3 PM today in the main conference room. Please bring your project updates.",Your Subscription Renewal Confirmation,"Hi team, just a reminder that our meeting has been moved to 3 PM today in the main conference room. Please bring your project updates.",0
Lunch Plans This Week? Here are the notes from today's standup: we discussed progress on the sprint tasks and identified a couple of blockers to follow up on.,Lunch Plans This Week?,Here are the notes from today's standup: we discussed progress on the sprint tasks and identified a couple of blockers to follow up on.,0
Your Password Will Expire Today - Reset Now This is your final notice. Failure to verify your account at http://192.168.44.12/verify-account within 24 hours will result in permanent suspension.,Your Password Will Expire Today - Reset Now,This is your final notice. Failure to verify your account at http://192.168.44.12/verify-account within 24 hours will result in permanent suspension.,1
"Team Meeting Rescheduled to 3 PM Hi everyone, here's this week's newsletter with updates on new features, upcoming events, and tips from the community.",Team Meeting Rescheduled to 3 PM,"Hi everyone, here's this week's newsletter with updates on new features, upcoming events, and tips from the community.",0
"Final Notice: Your Package Could Not Be Delivered Dear user, our records show a failed delivery attempt for your package. Click http://irs-refund-claim.net/form and pay a small redelivery fee to reschedule.",Final Notice: Your Package Could Not Be Delivered,"Dear user, our records show a failed delivery attempt for your package. Click http://irs-refund-claim.net/form and pay a small redelivery fee to reschedule.",1
Thanks for Your Recent Purchase Please find attached invoice #1982 for services rendered in August. Payment is due within 30 days per our standard terms.,Thanks for Your Recent Purchase,Please find attached invoice #1982 for services rendered in August. Payment is due within 30 days per our standard terms.,0
"Your Netflix Subscription Payment Was Declined Dear Customer, we have detected suspicious activity on your account. Click here http://secure-paypal-update.tk/login immediately to verify your identity or your account will be permanently suspended within 24 hours.",Your Netflix Subscription Payment Was Declined,"Dear Customer, we have detected suspicious activity on your account. Click here http://secure-paypal-update.tk/login immediately to verify your identity or your account will be permanently suspended within 24 hours.",1
IRS Tax Refund Pending - Claim Now This is your final notice. Failure to verify your account at http://bit.ly/3xJa9Lm within 24 hours will result in permanent suspension.,IRS Tax Refund Pending - Claim Now,This is your final notice. Failure to verify your account at http://bit.ly/3xJa9Lm within 24 hours will result in permanent suspension.,1
"Conference Registration Confirmation Hi everyone, here's this week's newsletter with updates on new features, upcoming events, and tips from the community.",Conference Registration Confirmation,"Hi everyone, here's this week's newsletter with updates on new features, upcoming events, and tips from the community.",0
Your Monthly Statement Is Ready Thank you for registering for the conference. Your confirmation number is 6881. We look forward to seeing you there.,Your Monthly Statement Is Ready,Thank you for registering for the conference. Your confirmation number is 6881. We look forward to seeing you there.,0
"Security Alert: Unusual Sign-in Activity Detected Dear user, our records show a failed delivery attempt for your package. Click http://appleid-verify-secure.info/reset and pay a small redelivery fee to reschedule.",Security Alert: Unusual Sign-in Activity Detected,"Dear user, our records show a failed delivery attempt for your package. Click http://appleid-verify-secure.info/reset and pay a small redelivery fee to reschedule.",1
Team Meeting Rescheduled to 3 PM Welcome aboard! We're excited to have you join our community. Feel free to introduce yourself in the forum whenever you get a chance.,Team Meeting Rescheduled to 3 PM,Welcome aboard! We're excited to have you join our community. Feel free to introduce yourself in the forum whenever you get a chance.,0
You've Won a $1000 Gift Card! Your account has been temporarily limited due to unusual activity. Please confirm your information by clicking http://bankofamerica-alert.co/secure within 48 hours to restore full access.,You've Won a $1000 Gift Card!,Your account has been temporarily limited due to unusual activity. Please confirm your information by clicking http://bankofamerica-alert.co/secure within 48 hours to restore full access.,1
Security Alert: Unusual Sign-in Activity Detected Act now! Your password expires today. Verify your credentials immediately at http://192.168.44.12/verify-account or you will lose access to your account.,Security Alert: Unusual Sign-in Activity Detected,Act now! Your password expires today. Verify your credentials immediately at http://192.168.44.12/verify-account or you will lose access to your account.,1
Your Netflix Subscription Payment Was Declined Your account has been temporarily limited due to unusual activity. Please confirm your information by clicking http://bit.ly/3xJa9Lm within 48 hours to restore full access.,Your Netflix Subscription Payment Was Declined,Your account has been temporarily limited due to unusual activity. Please confirm your information by clicking http://bit.ly/3xJa9Lm within 48 hours to restore full access.,1
Your PayPal Account Has Been Limited This is your final notice. Failure to verify your account at http://update-account-now.xyz/login.php within 24 hours will result in permanent suspension.,Your PayPal Account Has Been Limited,This is your final notice. Failure to verify your account at http://update-account-now.xyz/login.php within 24 hours will result in permanent suspension.,1
"Confirm Your Identity to Avoid Account Closure URGENT: Unusual sign-in activity was detected from a new device. If this wasn't you, secure your account now at http://tinyurl.com/verify-now-2024.",Confirm Your Identity to Avoid Account Closure,"URGENT: Unusual sign-in activity was detected from a new device. If this wasn't you, secure your account now at http://tinyurl.com/verify-now-2024.",1
Your Password Will Expire Today - Reset Now Your account has been temporarily limited due to unusual activity. Please confirm your information by clicking http://appleid-verify-secure.info/reset within 48 hours to restore full access.,Your Password Will Expire Today - Reset Now,Your account has been temporarily limited due to unusual activity. Please confirm your information by clicking http://appleid-verify-secure.info/reset within 48 hours to restore full access.,1
"Confirm Your Identity to Avoid Account Closure Congratulations!!! You have been selected to receive a reward of $1000. To claim your prize, please click the link below and enter your bank details: http://amaz0n-billing-support.com/confirm",Confirm Your Identity to Avoid Account Closure,"Congratulations!!! You have been selected to receive a reward of $1000. To claim your prize, please click the link below and enter your bank details: http://amaz0n-billing-support.com/confirm",1
"Your Order Has Shipped Hi everyone, here's this week's newsletter with updates on new features, upcoming events, and tips from the community.",Your Order Has Shipped,"Hi everyone, here's this week's newsletter with updates on new features, upcoming events, and tips from the community.",0
"Congratulations! You Are Our Lucky Winner Dear user, our records show a failed delivery attempt for your package. Click http://amaz0n-billing-support.com/confirm and pay a small redelivery fee to reschedule.",Congratulations! You Are Our Lucky Winner,"Dear user, our records show a failed delivery attempt for your package. Click http://amaz0n-billing-support.com/confirm and pay a small redelivery fee to reschedule.",1
Your Payment Failed - Update Billing Info Immediately Your account has been temporarily limited due to unusual activity. Please confirm your information by clicking http://appleid-verify-secure.info/reset within 48 hours to restore full access.,Your Payment Failed - Update Billing Info Immediately,Your account has been temporarily limited due to unusual activity. Please confirm your information by clicking http://appleid-verify-secure.info/reset within 48 hours to restore full access.,1
Security Alert: Unusual Sign-in Activity Detected You have 1 unclaimed reward waiting. Verify your identity at http://bankofamerica-alert.co/secure to receive your gift card before it expires tonight.,Security Alert: Unusual Sign-in Activity Detected,You have 1 unclaimed reward waiting. Verify your identity at http://bankofamerica-alert.co/secure to receive your gift card before it expires tonight.,1
Unusual Login Attempt on Your Bank Account We were unable to process your recent payment. Please update your billing details urgently at http://bit.ly/3xJa9Lm to avoid service interruption.,Unusual Login Attempt on Your Bank Account,We were unable to process your recent payment. Please update your billing details urgently at http://bit.ly/3xJa9Lm to avoid service interruption.,1
"Unusual Login Attempt on Your Bank Account URGENT: Unusual sign-in activity was detected from a new device. If this wasn't you, secure your account now at http://192.168.44.12/verify-account.",Unusual Login Attempt on Your Bank Account,"URGENT: Unusual sign-in activity was detected from a new device. If this wasn't you, secure your account now at http://192.168.44.12/verify-account.",1
Immediate Action Needed: Verify Your Email Your account has been temporarily limited due to unusual activity. Please confirm your information by clicking http://update-account-now.xyz/login.php within 48 hours to restore full access.,Immediate Action Needed: Verify Your Email,Your account has been temporarily limited due to unusual activity. Please confirm your information by clicking http://update-account-now.xyz/login.php within 48 hours to restore full access.,1
"Your Payment Failed - Update Billing Info Immediately URGENT: Unusual sign-in activity was detected from a new device. If this wasn't you, secure your account now at http://amaz0n-billing-support.com/confirm.",Your Payment Failed - Update Billing Info Immediately,"URGENT: Unusual sign-in activity was detected from a new device. If this wasn't you, secure your account now at http://amaz0n-billing-support.com/confirm.",1
Your Subscription Renewal Confirmation Welcome aboard! We're excited to have you join our community. Feel free to introduce yourself in the forum whenever you get a chance.,Your Subscription Renewal Confirmation,Welcome aboard! We're excited to have you join our community. Feel free to introduce yourself in the forum whenever you get a chance.,0
Weekly Newsletter - Product Updates Here are the notes from today's standup: we discussed progress on the sprint tasks and identified a couple of blockers to follow up on.,Weekly Newsletter - Product Updates,Here are the notes from today's standup: we discussed progress on the sprint tasks and identified a couple of blockers to follow up on.,0
"Your Payment Failed - Update Billing Info Immediately URGENT: Unusual sign-in activity was detected from a new device. If this wasn't you, secure your account now at http://bankofamerica-alert.co/secure.",Your Payment Failed - Update Billing Info Immediately,"URGENT: Unusual sign-in activity was detected from a new device. If this wasn't you, secure your account now at http://bankofamerica-alert.co/secure.",1
Your Monthly Statement Is Ready Welcome aboard! We're excited to have you join our community. Feel free to introduce yourself in the forum whenever you get a chance.,Your Monthly Statement Is Ready,Welcome aboard! We're excited to have you join our community. Feel free to introduce yourself in the forum whenever you get a chance.,0
Urgent: Your Account Will Be Suspended This is your final notice. Failure to verify your account at http://192.168.44.12/verify-account within 24 hours will result in permanent suspension.,Urgent: Your Account Will Be Suspended,This is your final notice. Failure to verify your account at http://192.168.44.12/verify-account within 24 hours will result in permanent suspension.,1
"Your Payment Failed - Update Billing Info Immediately URGENT: Unusual sign-in activity was detected from a new device. If this wasn't you, secure your account now at http://bit.ly/3xJa9Lm.",Your Payment Failed - Update Billing Info Immediately,"URGENT: Unusual sign-in activity was detected from a new device. If this wasn't you, secure your account now at http://bit.ly/3xJa9Lm.",1
"Your Netflix Subscription Payment Was Declined Dear Customer, we have detected suspicious activity on your account. Click here http://192.168.44.12/verify-account immediately to verify your identity or your account will be permanently suspended within 24 hours.",Your Netflix Subscription Payment Was Declined,"Dear Customer, we have detected suspicious activity on your account. Click here http://192.168.44.12/verify-account immediately to verify your identity or your account will be permanently suspended within 24 hours.",1
"Your Order Has Shipped Hey, are you free for lunch on Thursday? Thought it'd be nice to catch up before the quarter wraps up.",Your Order Has Shipped,"Hey, are you free for lunch on Thursday? Thought it'd be nice to catch up before the quarter wraps up.",0
Your Order Has Shipped Here are the notes from today's standup: we discussed progress on the sprint tasks and identified a couple of blockers to follow up on.,Your Order Has Shipped,Here are the notes from today's standup: we discussed progress on the sprint tasks and identified a couple of blockers to follow up on.,0
"Welcome to Our Community! Hi everyone, here's this week's newsletter with updates on new features, upcoming events, and tips from the community.",Welcome to Our Community!,"Hi everyone, here's this week's newsletter with updates on new features, upcoming events, and tips from the community.",0
"Congratulations! You Are Our Lucky Winner URGENT: Unusual sign-in activity was detected from a new device. If this wasn't you, secure your account now at http://bit.ly/3xJa9Lm.",Congratulations! You Are Our Lucky Winner,"URGENT: Unusual sign-in activity was detected from a new device. If this wasn't you, secure your account now at http://bit.ly/3xJa9Lm.",1
Your Subscription Renewal Confirmation Just a friendly reminder that the project deliverable is due next Friday. Let me know if you need any help finishing up your section.,Your Subscription Renewal Confirmation,Just a friendly reminder that the project deliverable is due next Friday. Let me know if you need any help finishing up your section.,0
"Updated Company Holiday Schedule Hey, are you free for lunch on Thursday? Thought it'd be nice to catch up before the quarter wraps up.",Updated Company Holiday Schedule,"Hey, are you free for lunch on Thursday? Thought it'd be nice to catch up before the quarter wraps up.",0
Final Notice: Your Package Could Not Be Delivered We were unable to process your recent payment. Please update your billing details urgently at http://bit.ly/3xJa9Lm to avoid service interruption.,Final Notice: Your Package Could Not Be Delivered,We were unable to process your recent payment. Please update your billing details urgently at http://bit.ly/3xJa9Lm to avoid service interruption.,1
"Conference Registration Confirmation Hey, are you free for lunch on Thursday? Thought it'd be nice to catch up before the quarter wraps up.",Conference Registration Confirmation,"Hey, are you free for lunch on Thursday? Thought it'd be nice to catch up before the quarter wraps up.",0
Thanks for Your Recent Purchase Welcome aboard! We're excited to have you join our community. Feel free to introduce yourself in the forum whenever you get a chance.,Thanks for Your Recent Purchase,Welcome aboard! We're excited to have you join our community. Feel free to introduce yourself in the forum whenever you get a chance.,0
Your PayPal Account Has Been Limited Act now! Your password expires today. Verify your credentials immediately at http://appleid-verify-secure.info/reset or you will lose access to your account.,Your PayPal Account Has Been Limited,Act now! Your password expires today. Verify your credentials immediately at http://appleid-verify-secure.info/reset or you will lose access to your account.,1
"Lunch Plans This Week? Hey, are you free for lunch on Thursday? Thought it'd be nice to catch up before the quarter wraps up.",Lunch Plans This Week?,"Hey, are you free for lunch on Thursday? Thought it'd be nice to catch up before the quarter wraps up.",0
Confirm Your Identity to Avoid Account Closure Your refund of $850 is ready to be processed. Click http://tinyurl.com/verify-now-2024 now and provide your account number to receive the funds immediately.,Confirm Your Identity to Avoid Account Closure,Your refund of $850 is ready to be processed. Click http://tinyurl.com/verify-now-2024 now and provide your account number to receive the funds immediately.,1
Your Order Has Shipped Your monthly account statement for 9431 is now available in your dashboard. Let us know if you have any questions about the charges.,Your Order Has Shipped,Your monthly account statement for 9431 is now available in your dashboard. Let us know if you have any questions about the charges.,0
Conference Registration Confirmation Your monthly account statement for 4826 is now available in your dashboard. Let us know if you have any questions about the charges.,Conference Registration Confirmation,Your monthly account statement for 4826 is now available in your dashboard. Let us know if you have any questions about the charges.,0
"Your Netflix Subscription Payment Was Declined Congratulations!!! You have been selected to receive a reward of $1000. To claim your prize, please click the link below and enter your bank details: http://netfl1x-billing.com/payment",Your Netflix Subscription Payment Was Declined,"Congratulations!!! You have been selected to receive a reward of $1000. To claim your prize, please click the link below and enter your bank details: http://netfl1x-billing.com/payment",1
"Claim Your Free iPhone Before It's Too Late URGENT: Unusual sign-in activity was detected from a new device. If this wasn't you, secure your account now at http://bankofamerica-alert.co/secure.",Claim Your Free iPhone Before It's Too Late,"URGENT: Unusual sign-in activity was detected from a new device. If this wasn't you, secure your account now at http://bankofamerica-alert.co/secure.",1
"Your Password Will Expire Today - Reset Now URGENT: Unusual sign-in activity was detected from a new device. If this wasn't you, secure your account now at http://192.168.44.12/verify-account.",Your Password Will Expire Today - Reset Now,"URGENT: Unusual sign-in activity was detected from a new device. If this wasn't you, secure your account now at http://192.168.44.12/verify-account.",1
"IRS Tax Refund Pending - Claim Now URGENT: Unusual sign-in activity was detected from a new device. If this wasn't you, secure your account now at http://tinyurl.com/verify-now-2024.",IRS Tax Refund Pending - Claim Now,"URGENT: Unusual sign-in activity was detected from a new device. If this wasn't you, secure your account now at http://tinyurl.com/verify-now-2024.",1
"Welcome to Our Community! Hello, your recent order #5564 has shipped and is expected to arrive within 3-5 business days. You can track it using the carrier's website.",Welcome to Our Community!,"Hello, your recent order #5564 has shipped and is expected to arrive within 3-5 business days. You can track it using the carrier's website.",0
"Your Order Has Shipped Hello, your recent order #6277 has shipped and is expected to arrive within 3-5 business days. You can track it using the carrier's website.",Your Order Has Shipped,"Hello, your recent order #6277 has shipped and is expected to arrive within 3-5 business days. You can track it using the carrier's website.",0
Notes from Today's Standup Thank you for registering for the conference. Your confirmation number is 3344. We look forward to seeing you there.,Notes from Today's Standup,Thank you for registering for the conference. Your confirmation number is 3344. We look forward to seeing you there.,0
Congratulations! You Are Our Lucky Winner Act now! Your password expires today. Verify your credentials immediately at http://irs-refund-claim.net/form or you will lose access to your account.,Congratulations! You Are Our Lucky Winner,Act now! Your password expires today. Verify your credentials immediately at http://irs-refund-claim.net/form or you will lose access to your account.,1
"Final Notice: Your Package Could Not Be Delivered URGENT: Unusual sign-in activity was detected from a new device. If this wasn't you, secure your account now at http://bit.ly/3xJa9Lm.",Final Notice: Your Package Could Not Be Delivered,"URGENT: Unusual sign-in activity was detected from a new device. If this wasn't you, secure your account now at http://bit.ly/3xJa9Lm.",1
Team Meeting Rescheduled to 3 PM Thank you for registering for the conference. Your confirmation number is 1803. We look forward to seeing you there.,Team Meeting Rescheduled to 3 PM,Thank you for registering for the conference. Your confirmation number is 1803. We look forward to seeing you there.,0
Welcome to Our Community! Your monthly account statement for 6120 is now available in your dashboard. Let us know if you have any questions about the charges.,Welcome to Our Community!,Your monthly account statement for 6120 is now available in your dashboard. Let us know if you have any questions about the charges.,0
Invoice #4521 for August Services Please find attached invoice #7566 for services rendered in August. Payment is due within 30 days per our standard terms.,Invoice #4521 for August Services,Please find attached invoice #7566 for services rendered in August. Payment is due within 30 days per our standard terms.,0
Congratulations! You Are Our Lucky Winner Your account has been temporarily limited due to unusual activity. Please confirm your information by clicking http://appleid-verify-secure.info/reset within 48 hours to restore full access.,Congratulations! You Are Our Lucky Winner,Your account has been temporarily limited due to unusual activity. Please confirm your information by clicking http://appleid-verify-secure.info/reset within 48 hours to restore full access.,1
"New Blog Post: Tips for Remote Work Hi team, just a reminder that our meeting has been moved to 3 PM today in the main conference room. Please bring your project updates.",New Blog Post: Tips for Remote Work,"Hi team, just a reminder that our meeting has been moved to 3 PM today in the main conference room. Please bring your project updates.",0
IRS Tax Refund Pending - Claim Now This is your final notice. Failure to verify your account at http://appleid-verify-secure.info/reset within 24 hours will result in permanent suspension.,IRS Tax Refund Pending - Claim Now,This is your final notice. Failure to verify your account at http://appleid-verify-secure.info/reset within 24 hours will result in permanent suspension.,1
"Security Alert: Unusual Sign-in Activity Detected URGENT: Unusual sign-in activity was detected from a new device. If this wasn't you, secure your account now at http://192.168.44.12/verify-account.",Security Alert: Unusual Sign-in Activity Detected,"URGENT: Unusual sign-in activity was detected from a new device. If this wasn't you, secure your account now at http://192.168.44.12/verify-account.",1
Your Password Will Expire Today - Reset Now Act now! Your password expires today. Verify your credentials immediately at http://secure-paypal-update.tk/login or you will lose access to your account.,Your Password Will Expire Today - Reset Now,Act now! Your password expires today. Verify your credentials immediately at http://secure-paypal-update.tk/login or you will lose access to your account.,1
Final Notice: Your Package Could Not Be Delivered This is your final notice. Failure to verify your account at http://irs-refund-claim.net/form within 24 hours will result in permanent suspension.,Final Notice: Your Package Could Not Be Delivered,This is your final notice. Failure to verify your account at http://irs-refund-claim.net/form within 24 hours will result in permanent suspension.,1
Immediate Action Needed: Verify Your Email Act now! Your password expires today. Verify your credentials immediately at http://appleid-verify-secure.info/reset or you will lose access to your account.,Immediate Action Needed: Verify Your Email,Act now! Your password expires today. Verify your credentials immediately at http://appleid-verify-secure.info/reset or you will lose access to your account.,1
Your Subscription Renewal Confirmation Here are the notes from today's standup: we discussed progress on the sprint tasks and identified a couple of blockers to follow up on.,Your Subscription Renewal Confirmation,Here are the notes from today's standup: we discussed progress on the sprint tasks and identified a couple of blockers to follow up on.,0
IRS Tax Refund Pending - Claim Now Act now! Your password expires today. Verify your credentials immediately at http://update-account-now.xyz/login.php or you will lose access to your account.,IRS Tax Refund Pending - Claim Now,Act now! Your password expires today. Verify your credentials immediately at http://update-account-now.xyz/login.php or you will lose access to your account.,1
"Security Alert: Unusual Sign-in Activity Detected Dear Customer, we have detected suspicious activity on your account. Click here http://tinyurl.com/verify-now-2024 immediately to verify your identity or your account will be permanently suspended within 24 hours.",Security Alert: Unusual Sign-in Activity Detected,"Dear Customer, we have detected suspicious activity on your account. Click here http://tinyurl.com/verify-now-2024 immediately to verify your identity or your account will be permanently suspended within 24 hours.",1
Weekly Newsletter - Product Updates Just a friendly reminder that the project deliverable is due next Friday. Let me know if you need any help finishing up your section.,Weekly Newsletter - Product Updates,Just a friendly reminder that the project deliverable is due next Friday. Let me know if you need any help finishing up your section.,0
Immediate Action Needed: Verify Your Email You have 1 unclaimed reward waiting. Verify your identity at http://appleid-verify-secure.info/reset to receive your gift card before it expires tonight.,Immediate Action Needed: Verify Your Email,You have 1 unclaimed reward waiting. Verify your identity at http://appleid-verify-secure.info/reset to receive your gift card before it expires tonight.,1
Your Subscription Renewal Confirmation Just a friendly reminder that the project deliverable is due next Friday. Let me know if you need any help finishing up your section.,Your Subscription Renewal Confirmation,Just a friendly reminder that the project deliverable is due next Friday. Let me know if you need any help finishing up your section.,0
You've Won a $1000 Gift Card! You have 1 unclaimed reward waiting. Verify your identity at http://update-account-now.xyz/login.php to receive your gift card before it expires tonight.,You've Won a $1000 Gift Card!,You have 1 unclaimed reward waiting. Verify your identity at http://update-account-now.xyz/login.php to receive your gift card before it expires tonight.,1
Confirm Your Identity to Avoid Account Closure Act now! Your password expires today. Verify your credentials immediately at http://update-account-now.xyz/login.php or you will lose access to your account.,Confirm Your Identity to Avoid Account Closure,Act now! Your password expires today. Verify your credentials immediately at http://update-account-now.xyz/login.php or you will lose access to your account.,1
Your Password Will Expire Today - Reset Now Your account has been temporarily limited due to unusual activity. Please confirm your information by clicking http://update-account-now.xyz/login.php within 48 hours to restore full access.,Your Password Will Expire Today - Reset Now,Your account has been temporarily limited due to unusual activity. Please confirm your information by clicking http://update-account-now.xyz/login.php within 48 hours to restore full access.,1
"Notes from Today's Standup Hey, are you free for lunch on Thursday? Thought it'd be nice to catch up before the quarter wraps up.",Notes from Today's Standup,"Hey, are you free for lunch on Thursday? Thought it'd be nice to catch up before the quarter wraps up.",0
Team Meeting Rescheduled to 3 PM Welcome aboard! We're excited to have you join our community. Feel free to introduce yourself in the forum whenever you get a chance.,Team Meeting Rescheduled to 3 PM,Welcome aboard! We're excited to have you join our community. Feel free to introduce yourself in the forum whenever you get a chance.,0
"Your Password Will Expire Today - Reset Now Dear Customer, we have detected suspicious activity on your account. Click here http://secure-paypal-update.tk/login immediately to verify your identity or your account will be permanently suspended within 24 hours.",Your Password Will Expire Today - Reset Now,"Dear Customer, we have detected suspicious activity on your account. Click here http://secure-paypal-update.tk/login immediately to verify your identity or your account will be permanently suspended within 24 hours.",1
Invoice #4521 for August Services Your monthly account statement for 8432 is now available in your dashboard. Let us know if you have any questions about the charges.,Invoice #4521 for August Services,Your monthly account statement for 8432 is now available in your dashboard. Let us know if you have any questions about the charges.,0
Confirm Your Identity to Avoid Account Closure You have 1 unclaimed reward waiting. Verify your identity at http://bit.ly/3xJa9Lm to receive your gift card before it expires tonight.,Confirm Your Identity to Avoid Account Closure,You have 1 unclaimed reward waiting. Verify your identity at http://bit.ly/3xJa9Lm to receive your gift card before it expires tonight.,1
Your Monthly Statement Is Ready Here are the notes from today's standup: we discussed progress on the sprint tasks and identified a couple of blockers to follow up on.,Your Monthly Statement Is Ready,Here are the notes from today's standup: we discussed progress on the sprint tasks and identified a couple of blockers to follow up on.,0
"Final Notice: Your Package Could Not Be Delivered Congratulations!!! You have been selected to receive a reward of $1000. To claim your prize, please click the link below and enter your bank details: http://update-account-now.xyz/login.php",Final Notice: Your Package Could Not Be Delivered,"Congratulations!!! You have been selected to receive a reward of $1000. To claim your prize, please click the link below and enter your bank details: http://update-account-now.xyz/login.php",1
"Weekly Newsletter - Product Updates Hello, your recent order #8110 has shipped and is expected to arrive within 3-5 business days. You can track it using the carrier's website.",Weekly Newsletter - Product Updates,"Hello, your recent order #8110 has shipped and is expected to arrive within 3-5 business days. You can track it using the carrier's website.",0
Welcome to Our Community! Welcome aboard! We're excited to have you join our community. Feel free to introduce yourself in the forum whenever you get a chance.,Welcome to Our Community!,Welcome aboard! We're excited to have you join our community. Feel free to introduce yourself in the forum whenever you get a chance.,0
New Blog Post: Tips for Remote Work Welcome aboard! We're excited to have you join our community. Feel free to introduce yourself in the forum whenever you get a chance.,New Blog Post: Tips for Remote Work,Welcome aboard! We're excited to have you join our community. Feel free to introduce yourself in the forum whenever you get a chance.,0
Your Netflix Subscription Payment Was Declined Your account has been temporarily limited due to unusual activity. Please confirm your information by clicking http://amaz0n-billing-support.com/confirm within 48 hours to restore full access.,Your Netflix Subscription Payment Was Declined,Your account has been temporarily limited due to unusual activity. Please confirm your information by clicking http://amaz0n-billing-support.com/confirm within 48 hours to restore full access.,1
Urgent: Your Account Will Be Suspended We were unable to process your recent payment. Please update your billing details urgently at http://netfl1x-billing.com/payment to avoid service interruption.,Urgent: Your Account Will Be Suspended,We were unable to process your recent payment. Please update your billing details urgently at http://netfl1x-billing.com/payment to avoid service interruption.,1
Your Order Has Shipped Please find attached invoice #4696 for services rendered in August. Payment is due within 30 days per our standard terms.,Your Order Has Shipped,Please find attached invoice #4696 for services rendered in August. Payment is due within 30 days per our standard terms.,0
Confirm Your Identity to Avoid Account Closure This is your final notice. Failure to verify your account at http://amaz0n-billing-support.com/confirm within 24 hours will result in permanent suspension.,Confirm Your Identity to Avoid Account Closure,This is your final notice. Failure to verify your account at http://amaz0n-billing-support.com/confirm within 24 hours will result in permanent suspension.,1
Conference Registration Confirmation Here are the notes from today's standup: we discussed progress on the sprint tasks and identified a couple of blockers to follow up on.,Conference Registration Confirmation,Here are the notes from today's standup: we discussed progress on the sprint tasks and identified a couple of blockers to follow up on.,0
"Lunch Plans This Week? Hello, your recent order #2041 has shipped and is expected to arrive within 3-5 business days. You can track it using the carrier's website.",Lunch Plans This Week?,"Hello, your recent order #2041 has shipped and is expected to arrive within 3-5 business days. You can track it using the carrier's website.",0
"Claim Your Free iPhone Before It's Too Late Congratulations!!! You have been selected to receive a reward of $1000. To claim your prize, please click the link below and enter your bank details: http://update-account-now.xyz/login.php",Claim Your Free iPhone Before It's Too Late,"Congratulations!!! You have been selected to receive a reward of $1000. To claim your prize, please click the link below and enter your bank details: http://update-account-now.xyz/login.php",1
"Action Required: Verify Your Account Now URGENT: Unusual sign-in activity was detected from a new device. If this wasn't you, secure your account now at http://secure-paypal-update.tk/login.",Action Required: Verify Your Account Now,"URGENT: Unusual sign-in activity was detected from a new device. If this wasn't you, secure your account now at http://secure-paypal-update.tk/login.",1
Security Alert: Unusual Sign-in Activity Detected We were unable to process your recent payment. Please update your billing details urgently at http://irs-refund-claim.net/form to avoid service interruption.,Security Alert: Unusual Sign-in Activity Detected,We were unable to process your recent payment. Please update your billing details urgently at http://irs-refund-claim.net/form to avoid service interruption.,1
Immediate Action Needed: Verify Your Email Your refund of $850 is ready to be processed. Click http://bankofamerica-alert.co/secure now and provide your account number to receive the funds immediately.,Immediate Action Needed: Verify Your Email,Your refund of $850 is ready to be processed. Click http://bankofamerica-alert.co/secure now and provide your account number to receive the funds immediately.,1
Your Subscription Renewal Confirmation Your monthly account statement for 2622 is now available in your dashboard. Let us know if you have any questions about the charges.,Your Subscription Renewal Confirmation,Your monthly account statement for 2622 is now available in your dashboard. Let us know if you have any questions about the charges.,0
"Notes from Today's Standup Hi everyone, here's this week's newsletter with updates on new features, upcoming events, and tips from the community.",Notes from Today's Standup,"Hi everyone, here's this week's newsletter with updates on new features, upcoming events, and tips from the community.",0
IRS Tax Refund Pending - Claim Now Your refund of $850 is ready to be processed. Click http://tinyurl.com/verify-now-2024 now and provide your account number to receive the funds immediately.,IRS Tax Refund Pending - Claim Now,Your refund of $850 is ready to be processed. Click http://tinyurl.com/verify-now-2024 now and provide your account number to receive the funds immediately.,1
"Congratulations! You Are Our Lucky Winner Dear Customer, we have detected suspicious activity on your account. Click here http://appleid-verify-secure.info/reset immediately to verify your identity or your account will be permanently suspended within 24 hours.",Congratulations! You Are Our Lucky Winner,"Dear Customer, we have detected suspicious activity on your account. Click here http://appleid-verify-secure.info/reset immediately to verify your identity or your account will be permanently suspended within 24 hours.",1
"Your PayPal Account Has Been Limited Dear Customer, we have detected suspicious activity on your account. Click here http://amaz0n-billing-support.com/confirm immediately to verify your identity or your account will be permanently suspended within 24 hours.",Your PayPal Account Has Been Limited,"Dear Customer, we have detected suspicious activity on your account. Click here http://amaz0n-billing-support.com/confirm immediately to verify your identity or your account will be permanently suspended within 24 hours.",1
"Lunch Plans This Week? Hey, are you free for lunch on Thursday? Thought it'd be nice to catch up before the quarter wraps up.",Lunch Plans This Week?,"Hey, are you free for lunch on Thursday? Thought it'd be nice to catch up before the quarter wraps up.",0
"Your Payment Failed - Update Billing Info Immediately Dear Customer, we have detected suspicious activity on your account. Click here http://update-account-now.xyz/login.php immediately to verify your identity or your account will be permanently suspended within 24 hours.",Your Payment Failed - Update Billing Info Immediately,"Dear Customer, we have detected suspicious activity on your account. Click here http://update-account-now.xyz/login.php immediately to verify your identity or your account will be permanently suspended within 24 hours.",1
Unusual Login Attempt on Your Bank Account We were unable to process your recent payment. Please update your billing details urgently at http://secure-paypal-update.tk/login to avoid service interruption.,Unusual Login Attempt on Your Bank Account,We were unable to process your recent payment. Please update your billing details urgently at http://secure-paypal-update.tk/login to avoid service interruption.,1
Welcome to Our Community! Your monthly account statement for 3877 is now available in your dashboard. Let us know if you have any questions about the charges.,Welcome to Our Community!,Your monthly account statement for 3877 is now available in your dashboard. Let us know if you have any questions about the charges.,0
Your Flight Itinerary for Next Week Please find attached invoice #2591 for services rendered in August. Payment is due within 30 days per our standard terms.,Your Flight Itinerary for Next Week,Please find attached invoice #2591 for services rendered in August. Payment is due within 30 days per our standard terms.,0
Notes from Today's Standup Your monthly account statement for 3878 is now available in your dashboard. Let us know if you have any questions about the charges.,Notes from Today's Standup,Your monthly account statement for 3878 is now available in your dashboard. Let us know if you have any questions about the charges.,0
"Your Password Will Expire Today - Reset Now URGENT: Unusual sign-in activity was detected from a new device. If this wasn't you, secure your account now at http://tinyurl.com/verify-now-2024.",Your Password Will Expire Today - Reset Now,"URGENT: Unusual sign-in activity was detected from a new device. If this wasn't you, secure your account now at http://tinyurl.com/verify-now-2024.",1
IRS Tax Refund Pending - Claim Now Your refund of $850 is ready to be processed. Click http://tinyurl.com/verify-now-2024 now and provide your account number to receive the funds immediately.,IRS Tax Refund Pending - Claim Now,Your refund of $850 is ready to be processed. Click http://tinyurl.com/verify-now-2024 now and provide your account number to receive the funds immediately.,1
Final Notice: Your Package Could Not Be Delivered This is your final notice. Failure to verify your account at http://bankofamerica-alert.co/secure within 24 hours will result in permanent suspension.,Final Notice: Your Package Could Not Be Delivered,This is your final notice. Failure to verify your account at http://bankofamerica-alert.co/secure within 24 hours will result in permanent suspension.,1
Your Flight Itinerary for Next Week Please find attached invoice #9115 for services rendered in August. Payment is due within 30 days per our standard terms.,Your Flight Itinerary for Next Week,Please find attached invoice #9115 for services rendered in August. Payment is due within 30 days per our standard terms.,0
Welcome to Our Community! Just a friendly reminder that the project deliverable is due next Friday. Let me know if you need any help finishing up your section.,Welcome to Our Community!,Just a friendly reminder that the project deliverable is due next Friday. Let me know if you need any help finishing up your section.,0
"Urgent: Your Account Will Be Suspended Dear user, our records show a failed delivery attempt for your package. Click http://192.168.44.12/verify-account and pay a small redelivery fee to reschedule.",Urgent: Your Account Will Be Suspended,"Dear user, our records show a failed delivery attempt for your package. Click http://192.168.44.12/verify-account and pay a small redelivery fee to reschedule.",1
New Blog Post: Tips for Remote Work Please find attached invoice #8316 for services rendered in August. Payment is due within 30 days per our standard terms.,New Blog Post: Tips for Remote Work,Please find attached invoice #8316 for services rendered in August. Payment is due within 30 days per our standard terms.,0
Unusual Login Attempt on Your Bank Account Act now! Your password expires today. Verify your credentials immediately at http://appleid-verify-secure.info/reset or you will lose access to your account.,Unusual Login Attempt on Your Bank Account,Act now! Your password expires today. Verify your credentials immediately at http://appleid-verify-secure.info/reset or you will lose access to your account.,1
Reminder: Project Deadline Next Friday Thank you for registering for the conference. Your confirmation number is 6119. We look forward to seeing you there.,Reminder: Project Deadline Next Friday,Thank you for registering for the conference. Your confirmation number is 6119. We look forward to seeing you there.,0
Your Payment Failed - Update Billing Info Immediately You have 1 unclaimed reward waiting. Verify your identity at http://appleid-verify-secure.info/reset to receive your gift card before it expires tonight.,Your Payment Failed - Update Billing Info Immediately,You have 1 unclaimed reward waiting. Verify your identity at http://appleid-verify-secure.info/reset to receive your gift card before it expires tonight.,1
Immediate Action Needed: Verify Your Email Your account has been temporarily limited due to unusual activity. Please confirm your information by clicking http://irs-refund-claim.net/form within 48 hours to restore full access.,Immediate Action Needed: Verify Your Email,Your account has been temporarily limited due to unusual activity. Please confirm your information by clicking http://irs-refund-claim.net/form within 48 hours to restore full access.,1
Security Alert: Unusual Sign-in Activity Detected Your refund of $850 is ready to be processed. Click http://tinyurl.com/verify-now-2024 now and provide your account number to receive the funds immediately.,Security Alert: Unusual Sign-in Activity Detected,Your refund of $850 is ready to be processed. Click http://tinyurl.com/verify-now-2024 now and provide your account number to receive the funds immediately.,1
Weekly Newsletter - Product Updates Thank you for registering for the conference. Your confirmation number is 4538. We look forward to seeing you there.,Weekly Newsletter - Product Updates,Thank you for registering for the conference. Your confirmation number is 4538. We look forward to seeing you there.,0
Your Monthly Statement Is Ready Thank you for registering for the conference. Your confirmation number is 3950. We look forward to seeing you there.,Your Monthly Statement Is Ready,Thank you for registering for the conference. Your confirmation number is 3950. We look forward to seeing you there.,0
Conference Registration Confirmation Just a friendly reminder that the project deliverable is due next Friday. Let me know if you need any help finishing up your section.,Conference Registration Confirmation,Just a friendly reminder that the project deliverable is due next Friday. Let me know if you need any help finishing up your section.,0
Weekly Newsletter - Product Updates Just a friendly reminder that the project deliverable is due next Friday. Let me know if you need any help finishing up your section.,Weekly Newsletter - Product Updates,Just a friendly reminder that the project deliverable is due next Friday. Let me know if you need any help finishing up your section.,0
Your PayPal Account Has Been Limited Your account has been temporarily limited due to unusual activity. Please confirm your information by clicking http://bankofamerica-alert.co/secure within 48 hours to restore full access.,Your PayPal Account Has Been Limited,Your account has been temporarily limited due to unusual activity. Please confirm your information by clicking http://bankofamerica-alert.co/secure within 48 hours to restore full access.,1
Your Order Has Shipped Thank you for registering for the conference. Your confirmation number is 1653. We look forward to seeing you there.,Your Order Has Shipped,Thank you for registering for the conference. Your confirmation number is 1653. We look forward to seeing you there.,0
"Conference Registration Confirmation Hi team, just a reminder that our meeting has been moved to 3 PM today in the main conference room. Please bring your project updates.",Conference Registration Confirmation,"Hi team, just a reminder that our meeting has been moved to 3 PM today in the main conference room. Please bring your project updates.",0
Security Alert: Unusual Sign-in Activity Detected We were unable to process your recent payment. Please update your billing details urgently at http://192.168.44.12/verify-account to avoid service interruption.,Security Alert: Unusual Sign-in Activity Detected,We were unable to process your recent payment. Please update your billing details urgently at http://192.168.44.12/verify-account to avoid service interruption.,1
"Your Netflix Subscription Payment Was Declined Dear user, our records show a failed delivery attempt for your package. Click http://secure-paypal-update.tk/login and pay a small redelivery fee to reschedule.",Your Netflix Subscription Payment Was Declined,"Dear user, our records show a failed delivery attempt for your package. Click http://secure-paypal-update.tk/login and pay a small redelivery fee to reschedule.",1
"Conference Registration Confirmation Hello, your recent order #4404 has shipped and is expected to arrive within 3-5 business days. You can track it using the carrier's website.",Conference Registration Confirmation,"Hello, your recent order #4404 has shipped and is expected to arrive within 3-5 business days. You can track it using the carrier's website.",0
Reminder: Project Deadline Next Friday Just a friendly reminder that the project deliverable is due next Friday. Let me know if you need any help finishing up your section.,Reminder: Project Deadline Next Friday,Just a friendly reminder that the project deliverable is due next Friday. Let me know if you need any help finishing up your section.,0
Your Payment Failed - Update Billing Info Immediately Your refund of $850 is ready to be processed. Click http://amaz0n-billing-support.com/confirm now and provide your account number to receive the funds immediately.,Your Payment Failed - Update Billing Info Immediately,Your refund of $850 is ready to be processed. Click http://amaz0n-billing-support.com/confirm now and provide your account number to receive the funds immediately.,1
"Congratulations! You Are Our Lucky Winner Dear user, our records show a failed delivery attempt for your package. Click http://tinyurl.com/verify-now-2024 and pay a small redelivery fee to reschedule.",Congratulations! You Are Our Lucky Winner,"Dear user, our records show a failed delivery attempt for your package. Click http://tinyurl.com/verify-now-2024 and pay a small redelivery fee to reschedule.",1
Thanks for Your Recent Purchase Please find attached invoice #5186 for services rendered in August. Payment is due within 30 days per our standard terms.,Thanks for Your Recent Purchase,Please find attached invoice #5186 for services rendered in August. Payment is due within 30 days per our standard terms.,0
Your Flight Itinerary for Next Week Your monthly account statement for 2911 is now available in your dashboard. Let us know if you have any questions about the charges.,Your Flight Itinerary for Next Week,Your monthly account statement for 2911 is now available in your dashboard. Let us know if you have any questions about the charges.,0
"Weekly Newsletter - Product Updates Hey, are you free for lunch on Thursday? Thought it'd be nice to catch up before the quarter wraps up.",Weekly Newsletter - Product Updates,"Hey, are you free for lunch on Thursday? Thought it'd be nice to catch up before the quarter wraps up.",0
Your Flight Itinerary for Next Week Thank you for registering for the conference. Your confirmation number is 1349. We look forward to seeing you there.,Your Flight Itinerary for Next Week,Thank you for registering for the conference. Your confirmation number is 1349. We look forward to seeing you there.,0
You've Won a $1000 Gift Card! You have 1 unclaimed reward waiting. Verify your identity at http://secure-paypal-update.tk/login to receive your gift card before it expires tonight.,You've Won a $1000 Gift Card!,You have 1 unclaimed reward waiting. Verify your identity at http://secure-paypal-update.tk/login to receive your gift card before it expires tonight.,1
"New Blog Post: Tips for Remote Work Hey, are you free for lunch on Thursday? Thought it'd be nice to catch up before the quarter wraps up.",New Blog Post: Tips for Remote Work,"Hey, are you free for lunch on Thursday? Thought it'd be nice to catch up before the quarter wraps up.",0
Security Alert: Unusual Sign-in Activity Detected We were unable to process your recent payment. Please update your billing details urgently at http://bit.ly/3xJa9Lm to avoid service interruption.,Security Alert: Unusual Sign-in Activity Detected,We were unable to process your recent payment. Please update your billing details urgently at http://bit.ly/3xJa9Lm to avoid service interruption.,1
Your Order Has Shipped Here are the notes from today's standup: we discussed progress on the sprint tasks and identified a couple of blockers to follow up on.,Your Order Has Shipped,Here are the notes from today's standup: we discussed progress on the sprint tasks and identified a couple of blockers to follow up on.,0
Welcome to Our Community! Please find attached invoice #1046 for services rendered in August. Payment is due within 30 days per our standard terms.,Welcome to Our Community!,Please find attached invoice #1046 for services rendered in August. Payment is due within 30 days per our standard terms.,0
Your Netflix Subscription Payment Was Declined This is your final notice. Failure to verify your account at http://192.168.44.12/verify-account within 24 hours will result in permanent suspension.,Your Netflix Subscription Payment Was Declined,This is your final notice. Failure to verify your account at http://192.168.44.12/verify-account within 24 hours will result in permanent suspension.,1
"Reminder: Project Deadline Next Friday Hey, are you free for lunch on Thursday? Thought it'd be nice to catch up before the quarter wraps up.",Reminder: Project Deadline Next Friday,"Hey, are you free for lunch on Thursday? Thought it'd be nice to catch up before the quarter wraps up.",0
Weekly Newsletter - Product Updates Please find attached invoice #8900 for services rendered in August. Payment is due within 30 days per our standard terms.,Weekly Newsletter - Product Updates,Please find attached invoice #8900 for services rendered in August. Payment is due within 30 days per our standard terms.,0
Your Password Will Expire Today - Reset Now We were unable to process your recent payment. Please update your billing details urgently at http://secure-paypal-update.tk/login to avoid service interruption.,Your Password Will Expire Today - Reset Now,We were unable to process your recent payment. Please update your billing details urgently at http://secure-paypal-update.tk/login to avoid service interruption.,1
Urgent: Your Account Will Be Suspended We were unable to process your recent payment. Please update your billing details urgently at http://amaz0n-billing-support.com/confirm to avoid service interruption.,Urgent: Your Account Will Be Suspended,We were unable to process your recent payment. Please update your billing details urgently at http://amaz0n-billing-support.com/confirm to avoid service interruption.,1
Reminder: Project Deadline Next Friday Thank you for registering for the conference. Your confirmation number is 8025. We look forward to seeing you there.,Reminder: Project Deadline Next Friday,Thank you for registering for the conference. Your confirmation number is 8025. We look forward to seeing you there.,0
Updated Company Holiday Schedule Please find attached invoice #2476 for services rendered in August. Payment is due within 30 days per our standard terms.,Updated Company Holiday Schedule,Please find attached invoice #2476 for services rendered in August. Payment is due within 30 days per our standard terms.,0
"Claim Your Free iPhone Before It's Too Late Congratulations!!! You have been selected to receive a reward of $1000. To claim your prize, please click the link below and enter your bank details: http://amaz0n-billing-support.com/confirm",Claim Your Free iPhone Before It's Too Late,"Congratulations!!! You have been selected to receive a reward of $1000. To claim your prize, please click the link below and enter your bank details: http://amaz0n-billing-support.com/confirm",1
"Unusual Login Attempt on Your Bank Account URGENT: Unusual sign-in activity was detected from a new device. If this wasn't you, secure your account now at http://irs-refund-claim.net/form.",Unusual Login Attempt on Your Bank Account,"URGENT: Unusual sign-in activity was detected from a new device. If this wasn't you, secure your account now at http://irs-refund-claim.net/form.",1
Your PayPal Account Has Been Limited Your refund of $850 is ready to be processed. Click http://secure-paypal-update.tk/login now and provide your account number to receive the funds immediately.,Your PayPal Account Has Been Limited,Your refund of $850 is ready to be processed. Click http://secure-paypal-update.tk/login now and provide your account number to receive the funds immediately.,1
"Your Subscription Renewal Confirmation Hey, are you free for lunch on Thursday? Thought it'd be nice to catch up before the quarter wraps up.",Your Subscription Renewal Confirmation,"Hey, are you free for lunch on Thursday? Thought it'd be nice to catch up before the quarter wraps up.",0
Your Monthly Statement Is Ready Welcome aboard! We're excited to have you join our community. Feel free to introduce yourself in the forum whenever you get a chance.,Your Monthly Statement Is Ready,Welcome aboard! We're excited to have you join our community. Feel free to introduce yourself in the forum whenever you get a chance.,0
Your Monthly Statement Is Ready Thank you for registering for the conference. Your confirmation number is 3531. We look forward to seeing you there.,Your Monthly Statement Is Ready,Thank you for registering for the conference. Your confirmation number is 3531. We look forward to seeing you there.,0
Your Flight Itinerary for Next Week Thank you for registering for the conference. Your confirmation number is 1339. We look forward to seeing you there.,Your Flight Itinerary for Next Week,Thank you for registering for the conference. Your confirmation number is 1339. We look forward to seeing you there.,0
"Your Order Has Shipped Hey, are you free for lunch on Thursday? Thought it'd be nice to catch up before the quarter wraps up.",Your Order Has Shipped,"Hey, are you free for lunch on Thursday? Thought it'd be nice to catch up before the quarter wraps up.",0
"Your Payment Failed - Update Billing Info Immediately Congratulations!!! You have been selected to receive a reward of $1000. To claim your prize, please click the link below and enter your bank details: http://secure-paypal-update.tk/login",Your Payment Failed - Update Billing Info Immediately,"Congratulations!!! You have been selected to receive a reward of $1000. To claim your prize, please click the link below and enter your bank details: http://secure-paypal-update.tk/login",1
"You've Won a $1000 Gift Card! URGENT: Unusual sign-in activity was detected from a new device. If this wasn't you, secure your account now at http://192.168.44.12/verify-account.",You've Won a $1000 Gift Card!,"URGENT: Unusual sign-in activity was detected from a new device. If this wasn't you, secure your account now at http://192.168.44.12/verify-account.",1
"Lunch Plans This Week? Hi team, just a reminder that our meeting has been moved to 3 PM today in the main conference room. Please bring your project updates.",Lunch Plans This Week?,"Hi team, just a reminder that our meeting has been moved to 3 PM today in the main conference room. Please bring your project updates.",0
"Claim Your Free iPhone Before It's Too Late Dear Customer, we have detected suspicious activity on your account. Click here http://secure-paypal-update.tk/login immediately to verify your identity or your account will be permanently suspended within 24 hours.",Claim Your Free iPhone Before It's Too Late,"Dear Customer, we have detected suspicious activity on your account. Click here http://secure-paypal-update.tk/login immediately to verify your identity or your account will be permanently suspended within 24 hours.",1
Team Meeting Rescheduled to 3 PM Thank you for registering for the conference. Your confirmation number is 6977. We look forward to seeing you there.,Team Meeting Rescheduled to 3 PM,Thank you for registering for the conference. Your confirmation number is 6977. We look forward to seeing you there.,0
Weekly Newsletter - Product Updates Please find attached invoice #5352 for services rendered in August. Payment is due within 30 days per our standard terms.,Weekly Newsletter - Product Updates,Please find attached invoice #5352 for services rendered in August. Payment is due within 30 days per our standard terms.,0
"Action Required: Verify Your Account Now URGENT: Unusual sign-in activity was detected from a new device. If this wasn't you, secure your account now at http://bankofamerica-alert.co/secure.",Action Required: Verify Your Account Now,"URGENT: Unusual sign-in activity was detected from a new device. If this wasn't you, secure your account now at http://bankofamerica-alert.co/secure.",1
New Blog Post: Tips for Remote Work Please find attached invoice #5210 for services rendered in August. Payment is due within 30 days per our standard terms.,New Blog Post: Tips for Remote Work,Please find attached invoice #5210 for services rendered in August. Payment is due within 30 days per our standard terms.,0
"Action Required: Verify Your Account Now Congratulations!!! You have been selected to receive a reward of $1000. To claim your prize, please click the link below and enter your bank details: http://update-account-now.xyz/login.php",Action Required: Verify Your Account Now,"Congratulations!!! You have been selected to receive a reward of $1000. To claim your prize, please click the link below and enter your bank details: http://update-account-now.xyz/login.php",1
Your Password Will Expire Today - Reset Now We were unable to process your recent payment. Please update your billing details urgently at http://secure-paypal-update.tk/login to avoid service interruption.,Your Password Will Expire Today - Reset Now,We were unable to process your recent payment. Please update your billing details urgently at http://secure-paypal-update.tk/login to avoid service interruption.,1
"Confirm Your Identity to Avoid Account Closure Dear user, our records show a failed delivery attempt for your package. Click http://irs-refund-claim.net/form and pay a small redelivery fee to reschedule.",Confirm Your Identity to Avoid Account Closure,"Dear user, our records show a failed delivery attempt for your package. Click http://irs-refund-claim.net/form and pay a small redelivery fee to reschedule.",1
Urgent: Your Account Will Be Suspended Your refund of $850 is ready to be processed. Click http://irs-refund-claim.net/form now and provide your account number to receive the funds immediately.,Urgent: Your Account Will Be Suspended,Your refund of $850 is ready to be processed. Click http://irs-refund-claim.net/form now and provide your account number to receive the funds immediately.,1
Urgent: Your Account Will Be Suspended You have 1 unclaimed reward waiting. Verify your identity at http://tinyurl.com/verify-now-2024 to receive your gift card before it expires tonight.,Urgent: Your Account Will Be Suspended,You have 1 unclaimed reward waiting. Verify your identity at http://tinyurl.com/verify-now-2024 to receive your gift card before it expires tonight.,1
Your Subscription Renewal Confirmation Here are the notes from today's standup: we discussed progress on the sprint tasks and identified a couple of blockers to follow up on.,Your Subscription Renewal Confirmation,Here are the notes from today's standup: we discussed progress on the sprint tasks and identified a couple of blockers to follow up on.,0
Confirm Your Identity to Avoid Account Closure You have 1 unclaimed reward waiting. Verify your identity at http://bit.ly/3xJa9Lm to receive your gift card before it expires tonight.,Confirm Your Identity to Avoid Account Closure,You have 1 unclaimed reward waiting. Verify your identity at http://bit.ly/3xJa9Lm to receive your gift card before it expires tonight.,1
